--
SET IDENTITY_INSERT dbo.Module ON
GO
INSERT dbo.Module(ModuleId, ModuleName, ModuleType, IsVerified, CreatedBy, CreatedAt, UpdatedBy, UpdatedAt) VALUES (1, N'Berry45', N'DQV', 1, N'Byron Mccallum', '2020-01-01 00:00:01.000', N'Omega Evers', '2020-01-01 00:00:01.000')
INSERT dbo.Module(ModuleId, ModuleName, ModuleType, IsVerified, CreatedBy, CreatedAt, UpdatedBy, UpdatedAt) VALUES (2, N'Jean5', N'XU', 1, N'Gayle Brandenburg', '2020-01-02 00:00:01.690', N'Stanley Johnson', '2020-01-02 00:00:01.220')
INSERT dbo.Module(ModuleId, ModuleName, ModuleType, IsVerified, CreatedBy, CreatedAt, UpdatedBy, UpdatedAt) VALUES (3, N'Raul7', N'0J', 0, N'Rodrick Gaddy', '2020-01-03 00:00:01.320', N'Annamaria Read', '2020-01-03 00:00:01.610')
INSERT dbo.Module(ModuleId, ModuleName, ModuleType, IsVerified, CreatedBy, CreatedAt, UpdatedBy, UpdatedAt) VALUES (4, N'Horner1975', N'81L8JF', 0, N'Antwan Cameron', '2020-01-04 00:00:01.690', N'Edwardo Ketchum', '2020-01-04 00:00:01.390')
INSERT dbo.Module(ModuleId, ModuleName, ModuleType, IsVerified, CreatedBy, CreatedAt, UpdatedBy, UpdatedAt) VALUES (5, N'Zachary792', N'7EB5V7', 1, N'Marty Swenson', '2020-01-05 00:00:01.110', N'Junita Downing', '2020-01-05 00:00:01.320')
INSERT dbo.Module(ModuleId, ModuleName, ModuleType, IsVerified, CreatedBy, CreatedAt, UpdatedBy, UpdatedAt) VALUES (6, N'Gallardo2016', N'YOBK805P8QU', 1, N'Maudie Hauser', '2020-01-06 00:00:01.750', N'Jim Bohannon', '2020-01-06 00:00:01.200')
INSERT dbo.Module(ModuleId, ModuleName, ModuleType, IsVerified, CreatedBy, CreatedAt, UpdatedBy, UpdatedAt) VALUES (7, N'Talisha1968', N'7C508H2', 0, N'Eldridge Castaneda', '2020-01-07 00:00:01.040', N'Shawn Olivares', '2020-01-07 00:00:01.920')
INSERT dbo.Module(ModuleId, ModuleName, ModuleType, IsVerified, CreatedBy, CreatedAt, UpdatedBy, UpdatedAt) VALUES (8, N'Ann814', N'Q', 1, N'Quincy Feldman', '2020-01-08 00:00:01.420', N'Tanner Randolph', '2020-01-08 00:00:01.870')
INSERT dbo.Module(ModuleId, ModuleName, ModuleType, IsVerified, CreatedBy, CreatedAt, UpdatedBy, UpdatedAt) VALUES (9, N'Thad832', N'76Q9', 1, N'Jefferson Cason', '2020-01-09 00:00:01.890', N'Lorenzo Durham', '2020-01-09 00:00:01.390')
INSERT dbo.Module(ModuleId, ModuleName, ModuleType, IsVerified, CreatedBy, CreatedAt, UpdatedBy, UpdatedAt) VALUES (10, N'Simons2018', N'78742OKT', 0, N'Kim Pollock', '2020-01-10 00:00:01.590', N'David Cornish', '2020-01-10 00:00:01.720')
GO
SET IDENTITY_INSERT dbo.Module OFF
GO

--
-- Inserting data into table dbo.Pincode
--
SET IDENTITY_INSERT dbo.Pincode ON
GO
INSERT dbo.Pincode(PincodeId, PostOfficeName, Pincode, District, CityId, StateId) VALUES (1, 'Andrew2014', 606448, 'NH-XG', 4, 4)
INSERT dbo.Pincode(PincodeId, PostOfficeName, Pincode, District, CityId, StateId) VALUES (2, 'Arellano2007', 155959, 'OR-IF', 2, 2)
INSERT dbo.Pincode(PincodeId, PostOfficeName, Pincode, District, CityId, StateId) VALUES (3, 'Todd2003', 973295, 'CT-IO', 3, 3)
INSERT dbo.Pincode(PincodeId, PostOfficeName, Pincode, District, CityId, StateId) VALUES (4, 'Counts2024', 539775, 'NJ-JX', 2, 2)
INSERT dbo.Pincode(PincodeId, PostOfficeName, Pincode, District, CityId, StateId) VALUES (5, 'Reiter958', 162047, 'CT-QO', 4, 4)
INSERT dbo.Pincode(PincodeId, PostOfficeName, Pincode, District, CityId, StateId) VALUES (6, 'Mares1999', 230779, 'ME-WV', 7, 7)
INSERT dbo.Pincode(PincodeId, PostOfficeName, Pincode, District, CityId, StateId) VALUES (7, 'Carmen2002', 894559, 'LA-UC', 5, 5)
INSERT dbo.Pincode(PincodeId, PostOfficeName, Pincode, District, CityId, StateId) VALUES (8, 'Christina2', 849270, 'ME-EQ', 9, 9)
INSERT dbo.Pincode(PincodeId, PostOfficeName, Pincode, District, CityId, StateId) VALUES (9, 'Albert956', 872756, 'VT-JK', 6, 6)
INSERT dbo.Pincode(PincodeId, PostOfficeName, Pincode, District, CityId, StateId) VALUES (10, 'Ellis1976', 537390, 'DE-GW', 7, 7)
GO
SET IDENTITY_INSERT dbo.Pincode OFF
GO

--
-- Inserting data into table dbo.RequirementType
--
SET IDENTITY_INSERT dbo.RequirementType ON
GO
INSERT dbo.RequirementType(RequirementTypeId, RequirementTypeName, CreatedBy, CreatedAt, UpdatedBy, UpdatedAt) VALUES (1, N'Parkinson1971', N'Zachariah Harper', '2021-03-29 03:08:40.740', N'Jim Bowers', '2020-01-01 00:00:01.000')
INSERT dbo.RequirementType(RequirementTypeId, RequirementTypeName, CreatedBy, CreatedAt, UpdatedBy, UpdatedAt) VALUES (2, N'Alvin261', N'Katrice Switzer', '2020-04-18 13:19:45.910', N'Macie Doyle', '2020-01-02 00:00:01.260')
INSERT dbo.RequirementType(RequirementTypeId, RequirementTypeName, CreatedBy, CreatedAt, UpdatedBy, UpdatedAt) VALUES (3, N'Carolyne358', N'Lorenzo Scholl', '2020-08-08 18:42:58.090', N'Emmitt Daugherty', '2020-01-03 00:00:01.200')
INSERT dbo.RequirementType(RequirementTypeId, RequirementTypeName, CreatedBy, CreatedAt, UpdatedBy, UpdatedAt) VALUES (4, N'Dallas627', N'Tomi Barnhart', '2021-07-21 13:30:13.540', N'Bobbi Hannah', '2020-01-04 00:00:01.790')
INSERT dbo.RequirementType(RequirementTypeId, RequirementTypeName, CreatedBy, CreatedAt, UpdatedBy, UpdatedAt) VALUES (5, N'Mcfadden3', N'Edwardo Nunez', '2020-10-20 17:24:30.650', N'Kim Baron', '2020-01-05 00:00:01.750')
INSERT dbo.RequirementType(RequirementTypeId, RequirementTypeName, CreatedBy, CreatedAt, UpdatedBy, UpdatedAt) VALUES (6, N'Cleo2008', N'Minerva Forrest', '2021-06-06 04:51:03.790', N'Dion Abreu', '2020-01-06 00:00:01.100')
INSERT dbo.RequirementType(RequirementTypeId, RequirementTypeName, CreatedBy, CreatedAt, UpdatedBy, UpdatedAt) VALUES (7, N'Waterman1980', N'Seth Young', '2021-01-10 23:22:02.310', N'Hobert Latimer', '2020-01-07 00:00:01.670')
INSERT dbo.RequirementType(RequirementTypeId, RequirementTypeName, CreatedBy, CreatedAt, UpdatedBy, UpdatedAt) VALUES (8, N'Kraig412', N'Latasha Mcclain', '2020-10-12 09:50:33.890', N'Marni Barrera', '2020-01-08 00:00:01.760')
INSERT dbo.RequirementType(RequirementTypeId, RequirementTypeName, CreatedBy, CreatedAt, UpdatedBy, UpdatedAt) VALUES (9, N'Rossie1995', N'Pablo Jack', '2020-06-03 23:41:05.840', N'Sheldon Marquis', '2020-01-09 00:00:01.400')
INSERT dbo.RequirementType(RequirementTypeId, RequirementTypeName, CreatedBy, CreatedAt, UpdatedBy, UpdatedAt) VALUES (10, N'Trinidad19', N'Deandrea Swan', '2020-10-20 02:42:18.950', N'Wilfredo Goodman', '2020-01-10 00:00:01.960')
GO
SET IDENTITY_INSERT dbo.RequirementType OFF
GO

--
-- Inserting data into table dbo.RoleType
--
SET IDENTITY_INSERT dbo.RoleType ON
GO
INSERT dbo.RoleType(RoleTypeId, RoleType, CreatedBy, CreatedAt, UpdatedBy, UpdatedAt) VALUES (1, N'NP71', N'Rosita Ferraro', '2020-01-01 00:00:01.000', N'Birgit Adkins', '2020-01-01 00:00:01.000')
INSERT dbo.RoleType(RoleTypeId, RoleType, CreatedBy, CreatedAt, UpdatedBy, UpdatedAt) VALUES (2, N'5H036J7', N'Brooke Rosenberg', '2020-01-02 00:00:01.780', N'Fredrick Casey', '2020-01-02 00:00:01.310')
INSERT dbo.RoleType(RoleTypeId, RoleType, CreatedBy, CreatedAt, UpdatedBy, UpdatedAt) VALUES (3, N'27JOA99KM4B7C498W', N'Rosina Louis', '2020-01-03 00:00:01.490', N'Darrel Wilhite', '2020-01-03 00:00:01.790')
INSERT dbo.RoleType(RoleTypeId, RoleType, CreatedBy, CreatedAt, UpdatedBy, UpdatedAt) VALUES (4, N'2F0NH8', N'Rubin Zimmerman', '2020-01-04 00:00:01.480', N'Loyce Gatlin', '2020-01-04 00:00:01.180')
INSERT dbo.RoleType(RoleTypeId, RoleType, CreatedBy, CreatedAt, UpdatedBy, UpdatedAt) VALUES (5, N'UF64459R', N'Isreal Maier', '2020-01-05 00:00:01.960', N'Darby Vetter', '2020-01-05 00:00:01.180')
INSERT dbo.RoleType(RoleTypeId, RoleType, CreatedBy, CreatedAt, UpdatedBy, UpdatedAt) VALUES (6, N'J', N'Berry Dyson', '2020-01-06 00:00:01.550', N'America Weddle', '2020-01-06 00:00:01.000')
INSERT dbo.RoleType(RoleTypeId, RoleType, CreatedBy, CreatedAt, UpdatedBy, UpdatedAt) VALUES (7, N'QT853', N'Tanesha Heath', '2020-01-07 00:00:01.540', N'Nickolas Victor', '2020-01-07 00:00:01.410')
INSERT dbo.RoleType(RoleTypeId, RoleType, CreatedBy, CreatedAt, UpdatedBy, UpdatedAt) VALUES (8, N'AN25E1DYG5MZB41JG0BEG28F2939R1', N'Concepcion Derrick', '2020-01-08 00:00:01.210', N'Napoleon Pacheco', '2020-01-08 00:00:01.660')
INSERT dbo.RoleType(RoleTypeId, RoleType, CreatedBy, CreatedAt, UpdatedBy, UpdatedAt) VALUES (9, N'A', N'Gale Brown', '2020-01-09 00:00:01.900', N'Marybeth Darden', '2020-01-09 00:00:01.400')
INSERT dbo.RoleType(RoleTypeId, RoleType, CreatedBy, CreatedAt, UpdatedBy, UpdatedAt) VALUES (10, N'97', N'Debbi Jenkins', '2020-01-10 00:00:01.090', N'Allen Wade', '2020-01-10 00:00:01.210')
GO
SET IDENTITY_INSERT dbo.RoleType OFF
GO

--
-- Inserting data into table dbo.States
--
SET IDENTITY_INSERT dbo.States ON
GO
INSERT dbo.States(StateId, StateName) VALUES (1, N'Maryland')
INSERT dbo.States(StateId, StateName) VALUES (2, N'Virginia')
INSERT dbo.States(StateId, StateName) VALUES (3, N'Michigan')
INSERT dbo.States(StateId, StateName) VALUES (4, N'Delaware')
INSERT dbo.States(StateId, StateName) VALUES (5, N'Utah')
INSERT dbo.States(StateId, StateName) VALUES (6, N'Indiana')
INSERT dbo.States(StateId, StateName) VALUES (7, N'Iowa')
INSERT dbo.States(StateId, StateName) VALUES (8, N'Connecticut')
INSERT dbo.States(StateId, StateName) VALUES (9, N'Oklahoma')
INSERT dbo.States(StateId, StateName) VALUES (10, N'South Carolina')
GO
SET IDENTITY_INSERT dbo.States OFF
GO

--
-- Inserting data into table dbo.Cities
--
SET IDENTITY_INSERT dbo.Cities ON
GO
INSERT dbo.Cities(CityId, StateId, CityName) VALUES (1, 1, 'Star')
INSERT dbo.Cities(CityId, StateId, CityName) VALUES (2, 2, 'Dalhart')
INSERT dbo.Cities(CityId, StateId, CityName) VALUES (3, 3, 'Wilton Manors')
INSERT dbo.Cities(CityId, StateId, CityName) VALUES (4, 4, 'Phenix City')
INSERT dbo.Cities(CityId, StateId, CityName) VALUES (5, 5, 'Ramsey')
INSERT dbo.Cities(CityId, StateId, CityName) VALUES (6, 6, 'Marlborough')
INSERT dbo.Cities(CityId, StateId, CityName) VALUES (7, 7, 'Mount Carmel')
INSERT dbo.Cities(CityId, StateId, CityName) VALUES (8, 8, 'Jacksboro')
INSERT dbo.Cities(CityId, StateId, CityName) VALUES (9, 9, 'Flat Rock')
INSERT dbo.Cities(CityId, StateId, CityName) VALUES (10, 10, 'Rock Hill')
GO
SET IDENTITY_INSERT dbo.Cities OFF
GO

--
-- Inserting data into table dbo.UserData
--
SET IDENTITY_INSERT dbo.UserData ON
GO
INSERT dbo.UserData(UserId, FirstName, LastName, Gender, ProfileImage, UserDescription, UserName, EmailAddress, PasswordHash, MobileNo, TotalPostCount, IsDailyPostLimitReached, CreatedBy, CreatedAt, UpdatedBy, UpdatedAt, IsOrganisation, IsVerified, CityId, StateId, PincodeId) VALUES (1, N'Lizette', N'Abbott', N'Female', N'8O7J3NQX1H7D3YX9I1C9J0EIUK0876HZBT7C', N'Velit harum unde quis repellat nihil sunt accusamus molestiae. Consequuntur nihil alias molestias ut consequatur sunt sint aut.', N'Pemberton2023', N'Quincy.Headley6@nowhere.com', N'0380J96G265Q6MVQRH0FBA4O5C7WWM13SGQ315299EZ26P22O8YE0V90VN8AEUI0978HKJIY1AMHT4RAU10541W9Y', 1397660321, 5, 0, N'Roberto Saylor', '2020-01-01 00:00:01.000', N'Marget Kuntz', '2020-01-01 00:00:01.000', 1, 0, 5, 5, 1)
INSERT dbo.UserData(UserId, FirstName, LastName, Gender, ProfileImage, UserDescription, UserName, EmailAddress, PasswordHash, MobileNo, TotalPostCount, IsDailyPostLimitReached, CreatedBy, CreatedAt, UpdatedBy, UpdatedAt, IsOrganisation, IsVerified, CityId, StateId, PincodeId) VALUES (2, N'Herminia', N'Abel', N'Male', N'DI23E4BL8F8E62RVG51JRNP4S665LL5T92Z7CX7ZP0851S26WC77ZO99B7QXB01P7ASZ09249KK8J68Q2V4K3Q3K9N7P09339DX1PH92W8HF891', N'Et voluptatem officiis nemo. Quia voluptas error aut autem ut eveniet id. Ipsum exercitationem ut voluptatem dolores sequi et. Amet aut illo. Quia corporis autem porro sequi? A eos iure provident odit voluptatum maxime; omnis magni a repudiandae aspernatur quo quos. Harum veniam aliquid. Dolores aperiam inventore nam omnis accusantium!', N'Lorriane1992', N'BraunO@example.com', N'MR34DARR4V90RYZ5FEL3K3HQ', 1282911956, 2, 1, N'Francisco Vogel', '2020-01-02 00:00:01.480', N'Malena Flaherty', '2020-01-02 00:00:01.010', 0, 0, 10, 10, 2)
INSERT dbo.UserData(UserId, FirstName, LastName, Gender, ProfileImage, UserDescription, UserName, EmailAddress, PasswordHash, MobileNo, TotalPostCount, IsDailyPostLimitReached, CreatedBy, CreatedAt, UpdatedBy, UpdatedAt, IsOrganisation, IsVerified, CityId, StateId, PincodeId) VALUES (3, N'Gwyn', N'Abernathy', N'Female', N'6E8369D946H6470BMQ2K9H2G2I9O32C921L4B8P020F2O616DLS085A0K7533P14U42PS0N215472I4YO2H9CS3F66MO28B52EP418L397G6BJE6LQA6OW31VDH1E5KEP30L68V9ZHOL97X9B9ZA2JM84U1X972EJV335VKZTB44ZO69K41G5F1OX538T9818PXL9658', N'Alias voluptatem dolor voluptas sunt id omnis odit pariatur. Et autem praesentium quae quibusdam impedit sapiente molestiae quis. Aut id provident voluptas error rem tempora earum deleniti; itaque amet corrupti laboriosam sit voluptatem fugiat tenetur labore. Soluta explicabo a ut maxime non vero doloribus eveniet.', N'Donald267', N'Moon.Willingham2@nowhere.com', N'G6Y442BFRM80CB4CSSWEQJI9G737O6JZ', 1192677060, 8, 0, N'Allan Humes', '2020-01-03 00:00:01.130', N'Nick Starks', '2020-01-03 00:00:01.430', 1, 1, 9, 9, 6)
INSERT dbo.UserData(UserId, FirstName, LastName, Gender, ProfileImage, UserDescription, UserName, EmailAddress, PasswordHash, MobileNo, TotalPostCount, IsDailyPostLimitReached, CreatedBy, CreatedAt, UpdatedBy, UpdatedAt, IsOrganisation, IsVerified, CityId, StateId, PincodeId) VALUES (4, N'Mark', N'Abney', N'Female', N'L', N'Eius quaerat sint porro culpa voluptas amet ut fuga. Quod ad laudantium velit itaque voluptas praesentium quae consectetur.', N'Kenisha649', N'Ute.Blais52@nowhere.com', N'6A36X65W40L09BF34', 1808663530, 1, 1, N'Lolita Dion', '2020-01-04 00:00:01.780', N'Saul Mccormick', '2020-01-04 00:00:01.470', 1, 0, 7, 7, 4)
INSERT dbo.UserData(UserId, FirstName, LastName, Gender, ProfileImage, UserDescription, UserName, EmailAddress, PasswordHash, MobileNo, TotalPostCount, IsDailyPostLimitReached, CreatedBy, CreatedAt, UpdatedBy, UpdatedAt, IsOrganisation, IsVerified, CityId, StateId, PincodeId) VALUES (5, N'Allison', N'Abraham', N'Male', N'C3YKYE192', N'Numquam quis quasi omnis exercitationem vel sunt at eaque. Modi quia et voluptates repellendus officiis natus voluptate ipsam. Doloremque qui nobis rem qui deserunt et soluta quos! Pariatur alias consequatur dolores dicta qui labore est et...', N'Miesha43', N'JewellMcfarland@nowhere.com', N'AY11IKGYP1HX4930P2G71AXCN59P74GEHG22V3', 2147483647, 8, 1, N'Idalia Pimentel', '2020-01-05 00:00:01.890', N'Frances Bonilla', '2020-01-05 00:00:01.100', 0, 1, 2, 2, 5)
INSERT dbo.UserData(UserId, FirstName, LastName, Gender, ProfileImage, UserDescription, UserName, EmailAddress, PasswordHash, MobileNo, TotalPostCount, IsDailyPostLimitReached, CreatedBy, CreatedAt, UpdatedBy, UpdatedAt, IsOrganisation, IsVerified, CityId, StateId, PincodeId) VALUES (6, N'Toby', N'Abrams', N'Male', N'3446', N'Numquam earum incidunt nisi ea exercitationem voluptate velit ut. Similique dolore sit totam veritatis non qui recusandae ipsum.', N'Zoila2000', N'Aurore.Bickford156@nowhere.com', N'80HQ255144C2F1VNU', 2124611158, 2, 0, N'Sergio Stacey', '2020-01-06 00:00:01.620', N'Tabitha Logan', '2020-01-06 00:00:01.070', 0, 0, 7, 7, 5)
INSERT dbo.UserData(UserId, FirstName, LastName, Gender, ProfileImage, UserDescription, UserName, EmailAddress, PasswordHash, MobileNo, TotalPostCount, IsDailyPostLimitReached, CreatedBy, CreatedAt, UpdatedBy, UpdatedAt, IsOrganisation, IsVerified, CityId, StateId, PincodeId) VALUES (7, N'Judson', N'Abreu', N'Male', N'1E11U0953', N'Voluptatem vel nemo nihil et dolore unde incidunt itaque. Vero excepturi quia quibusdam consequuntur error libero repudiandae ipsa. Quia ut aut sequi aliquam doloribus nobis id eveniet. Ex consequatur quod consequuntur voluptas ea labore ut ipsam.', N'Elias1982', N'Cooper@example.com', N'6FQ4ZOLT35655719517AI66K7B7I96WM41U6713O6H0437T420Y0L4D98Q2BP545QH5T6L930J950541M2T2HTYGQV67MHQ860Z6', 1600947343, 9, 0, N'Edmond Roberson', '2020-01-07 00:00:01.410', N'Scottie Ferrara', '2020-01-07 00:00:01.280', 1, 0, 1, 1, 6)
INSERT dbo.UserData(UserId, FirstName, LastName, Gender, ProfileImage, UserDescription, UserName, EmailAddress, PasswordHash, MobileNo, TotalPostCount, IsDailyPostLimitReached, CreatedBy, CreatedAt, UpdatedBy, UpdatedAt, IsOrganisation, IsVerified, CityId, StateId, PincodeId) VALUES (8, N'Cary', N'Acevedo', N'Female', N'QWVO3JH2S8IOA9PG84AEBG1KBLOOGD17SS5E8409SU8L07ADG2YTA2D6CJWS6S', N'Vel suscipit voluptas qui incidunt est tempora magnam asperiores. Ipsam iste sunt at sequi nam rem repellat neque. Optio rerum autem doloribus possimus enim sint quisquam et. Dolores eos non sit earum qui quis pariatur nemo.', N'Askew2003', N'tncufqzb_yqxpu@example.com', N'BN117D6', 1077928695, 7, 0, N'Timothy Wynn', '2020-01-08 00:00:01.240', N'Neta Hornsby', '2020-01-08 00:00:01.690', 1, 0, 3, 3, 7)
INSERT dbo.UserData(UserId, FirstName, LastName, Gender, ProfileImage, UserDescription, UserName, EmailAddress, PasswordHash, MobileNo, TotalPostCount, IsDailyPostLimitReached, CreatedBy, CreatedAt, UpdatedBy, UpdatedAt, IsOrganisation, IsVerified, CityId, StateId, PincodeId) VALUES (9, N'Earlene', N'Acker', N'Male', N'6ZTQ54T1H29L51I47PE91K8OS67DDF1N14024Y39R27FW98WEM3L52T2D7470V08K0KB82421G2FI176M7M5GA7C0VTGO', N'Autem veniam et commodi voluptates. Eaque labore unde fugit! Rerum aut esse repellendus quos repudiandae aut possimus voluptatum. Aut adipisci vel molestiae autem est vel sint possimus. Voluptatem id minus similique ut consequatur officiis sed enim! Dignissimos minima dolorem et voluptatem maxime obcaecati voluptatem blanditiis.', N'Sigrid175', N'Mccord@nowhere.com', N'67JO79854', 2009862797, 8, 0, N'Leonora Lind', '2020-01-09 00:00:01.410', N'Tawanda Muniz', '2020-01-09 00:00:01.910', 0, 1, 2, 2, 8)
INSERT dbo.UserData(UserId, FirstName, LastName, Gender, ProfileImage, UserDescription, UserName, EmailAddress, PasswordHash, MobileNo, TotalPostCount, IsDailyPostLimitReached, CreatedBy, CreatedAt, UpdatedBy, UpdatedAt, IsOrganisation, IsVerified, CityId, StateId, PincodeId) VALUES (10, N'Jewel', N'Ackerman', N'Male', N'09MM49ZSF35F4OS7I0S5XCXCT4TT2X9E67602LFWA', N'Sint non laborum explicabo est laudantium ut voluptates consequatur. Modi veniam voluptate et nemo est saepe illum similique; eius perferendis dolore et ut rerum sed sequi et. Et in est sunt rerum numquam temporibus distinctio aut! Vel dolor placeat molestiae unde voluptatum nihil ut reiciendis.', N'Pasty2005', N'RobbieBurkett866@example.com', N'2H', 1397660322, 8, 0, N'Debrah Bradford', '2020-01-10 00:00:01.200', N'Herbert Marino', '2020-01-10 00:00:01.320', 1, 0, 6, 6, 9)
GO
SET IDENTITY_INSERT dbo.UserData OFF
GO

--
-- Inserting data into table dbo.Organisation
--
SET IDENTITY_INSERT dbo.Organisation ON
GO
INSERT dbo.Organisation(OrganisationId, OrganisationUserId, OrganisationName, OrganisationAddress, OrganisationContactNo, OrganisationLogoURL, IsVerified, CreatedBy, CreatedAt, UpdatedBy, UpdatedAt) VALUES (1, 1, N'Herrera2012', N'280 Ashwood Hwy, Judge Building, Little Rock, AR, 55328', 1870704287, N'https://www.onarnotte.fr/verhinse/had/ngouuld/witoulanou.asp', 1, N'Mitchell Lapointe', '2020-01-01 00:00:01.000', N'Yevette Crisp', '2020-01-01 00:00:01.000')
INSERT dbo.Organisation(OrganisationId, OrganisationUserId, OrganisationName, OrganisationAddress, OrganisationContactNo, OrganisationLogoURL, IsVerified, CreatedBy, CreatedAt, UpdatedBy, UpdatedAt) VALUES (2, 2, N'Tasha877', N'32 3rd Blvd, Madison, Wisconsin, 18291', 1644736689, N'http://www.veryouto.il/hiouler/alhisand/ter/tiovehethi.aspx?id=483', 1, N'Russel Meehan', '2020-01-02 00:00:01.570', N'Felton Ybarra', '2020-01-02 00:00:01.100')
INSERT dbo.Organisation(OrganisationId, OrganisationUserId, OrganisationName, OrganisationAddress, OrganisationContactNo, OrganisationLogoURL, IsVerified, CreatedBy, CreatedAt, UpdatedBy, UpdatedAt) VALUES (3, 3, N'Fry55', N'3664 Riverview Court, Sacramento, California, 91273', 1529988324, N'http://tievearthi.br/hinarees/oulha/neveithal.php?t=47&p=847', 0, N'Arie Nevarez', '2020-01-03 00:00:01.310', N'Harris Bobo', '2020-01-03 00:00:01.600')
INSERT dbo.Organisation(OrganisationId, OrganisationUserId, OrganisationName, OrganisationAddress, OrganisationContactNo, OrganisationLogoURL, IsVerified, CreatedBy, CreatedAt, UpdatedBy, UpdatedAt) VALUES (4, 4, N'Lamar1962', N'564 NW Flintwood Drive, STE 3527, Trenton, NJ, 98238', 2147483647, N'http://asentforon.hu/ar/ter/forhenon.html#66', 0, N'Graig Brantley', '2020-01-04 00:00:01.570', N'Marcos Hutchison', '2020-01-04 00:00:01.270')
INSERT dbo.Organisation(OrganisationId, OrganisationUserId, OrganisationName, OrganisationAddress, OrganisationContactNo, OrganisationLogoURL, IsVerified, CreatedBy, CreatedAt, UpdatedBy, UpdatedAt) VALUES (5, 5, N'Kyle3', N'3180 Cedar Tree Blvd, Macy''s Building, Dover, Delaware, 02596', 1034321447, N'http://www.evetheeris.ch/reevehi/hadheverhat.htm#0882', 0, N'Carmelina Harrell', '2020-01-05 00:00:01.740', N'Tonisha Rider', '2020-01-05 00:00:01.950')
INSERT dbo.Organisation(OrganisationId, OrganisationUserId, OrganisationName, OrganisationAddress, OrganisationContactNo, OrganisationLogoURL, IsVerified, CreatedBy, CreatedAt, UpdatedBy, UpdatedAt) VALUES (6, 6, N'Tatum1973', N'98 E Glenwood Circle, Guardian Bldg, Carson City, NV, 94236', 1149069813, N'http://tome.biz/tiost/insealit.aspx?id=369', 1, N'Madeline Poston', '2020-01-06 00:00:01.420', N'Joaquin Hefner', '2020-01-06 00:00:01.870')
INSERT dbo.Organisation(OrganisationId, OrganisationUserId, OrganisationName, OrganisationAddress, OrganisationContactNo, OrganisationLogoURL, IsVerified, CreatedBy, CreatedAt, UpdatedBy, UpdatedAt) VALUES (7, 7, N'Pease1', N'2685 3rd Hwy, Fisher Bldg, Richmond, VA, 85977', 2127261518, N'http://eswasanre.no/atallan/altetoin.php?t=61&p=7993', 0, N'Carson August', '2020-01-07 00:00:01.900', N'Nathanael Luna', '2020-01-07 00:00:01.770')
INSERT dbo.Organisation(OrganisationId, OrganisationUserId, OrganisationName, OrganisationAddress, OrganisationContactNo, OrganisationLogoURL, IsVerified, CreatedBy, CreatedAt, UpdatedBy, UpdatedAt) VALUES (8, 8, N'Efren617', N'686 E Brentwood Highway, Dover, DE, 52655', 1644736690, N'http://tiothiomeed.org/eve/hiswasorwit.htm', 0, N'Leonila Vasquez', '2020-01-08 00:00:01.030', N'Scot Hagen', '2020-01-08 00:00:01.480')
INSERT dbo.Organisation(OrganisationId, OrganisationUserId, OrganisationName, OrganisationAddress, OrganisationContactNo, OrganisationLogoURL, IsVerified, CreatedBy, CreatedAt, UpdatedBy, UpdatedAt) VALUES (9, 9, N'Rashad5', N'37 NW Hunting Hill Highway, Superior Building, Raleigh, North Carolina, 91336', 1034321448, N'http://thetiin.uk/or/ererte/inwaion/allmewave.php?t=71&p=2981', 0, N'Jaquelyn Knutson', '2020-01-09 00:00:01.420', N'Perry Mcmurray', '2020-01-09 00:00:01.920')
INSERT dbo.Organisation(OrganisationId, OrganisationUserId, OrganisationName, OrganisationAddress, OrganisationContactNo, OrganisationLogoURL, IsVerified, CreatedBy, CreatedAt, UpdatedBy, UpdatedAt) VALUES (10, 10, N'Elbert1998', N'1925 NW Mountain Ln, Topeka, Kansas, 46001', 1442607681, N'http://www.thaour.cy/allionar/veanwit/es/onesith.htm', 1, N'Devon Singletary', '2020-01-10 00:00:01.690', N'Deja Foreman', '2020-01-10 00:00:01.820')
GO
SET IDENTITY_INSERT dbo.Organisation OFF
GO

--
-- Inserting data into table dbo.Post
--
SET IDENTITY_INSERT dbo.Post ON
GO
INSERT dbo.Post(PostId, UserId, Description, RequirementTypeId, LocationName, Longitude, Latitude, HelpRequiredCount, CityId, StateId, ImageURL, CreatedBy, CreatedAt, UpdatedBy, UpdatedAt, IsClosed, CloseAt, PincodeId) VALUES (1, 7, 'Quam cum adipisci possimus quibusdam vel ut porro dignissimos accusamus consequuntur quis, dicta eveniet ab. Quo dolorem veritatis aspernatur quas quis illo consequatur et asperiores tempora numquam non eveniet iste. Nulla eveniet, repellat deserunt sequi at consectetur quam consequatur architecto iusto neque nisi quisquam corrupti. Odio voluptatem numquam non saepe quia sunt omnis voluptatem dolorem laborum repudiandae deserunt voluptatem qui. Qui consequuntur et, praesentium et voluptatem ut consequatur rerum labore excepturi ipsa quidem sit iusto.
Sit quisquam sed voluptates saepe sunt ut quia quos praesentium est cumque enim qui omnis. Voluptate dolorem at cumque aliquid voluptas necessitatibus aut dolor facilis quas aut alias culpa dicta.', 7, N'Underhill1983', -39, -999, 497, 7, 7, N'http://omeerahenter.ar/ionent/mendshoas.html#591', N'Wilfred Francois', '2020-01-11 00:26:37.660', N'Jeffry Arevalo', '2020-05-02 11:36:52.190', 0, '2020-11-29 05:37:25.230', 1)
INSERT dbo.Post(PostId, UserId, Description, RequirementTypeId, LocationName, Longitude, Latitude, HelpRequiredCount, CityId, StateId, ImageURL, CreatedBy, CreatedAt, UpdatedBy, UpdatedAt, IsClosed, CloseAt, PincodeId) VALUES (2, 3, 'Sequi vero dolores, tempora possimus laudantium aut repudiandae debitis ab enim nam provident rerum commodi. Earum sunt et omnis quaerat necessitatibus dolor dicta nobis non fugiat consequatur et deleniti cupiditate. Doloremque ut, laborum temporibus eaque sint sunt velit aperiam ipsa qui quae non obcaecati sed. Obcaecati incidunt voluptatem nesciunt, totam nihil esse autem nihil fugiat nulla impedit sint eveniet ex; inventore voluptatum, fugit necessitatibus omnis optio dignissimos laborum repellat ut incidunt ea hic ut qui. Eius et eum id modi in neque fuga blanditiis ducimus id fugit ex nesciunt consequuntur. Accusantium tempora esse velit suscipit voluptatum, exercitationem praesentium voluptas nemo voluptates fugit vitae veritatis qui.', 3, N'Jonah937', -21, -998, 664, 3, 3, N'https://www.witwaesyou.eg/witreea/ion/ou/hieveyou.php', N'Royal Healy', '2020-01-30 16:08:39.480', N'Precious Rodrigues', '2020-06-25 02:57:11.780', 1, '2020-03-01 03:55:00.360', 2)
INSERT dbo.Post(PostId, UserId, Description, RequirementTypeId, LocationName, Longitude, Latitude, HelpRequiredCount, CityId, StateId, ImageURL, CreatedBy, CreatedAt, UpdatedBy, UpdatedAt, IsClosed, CloseAt, PincodeId) VALUES (3, 3, 'Ullam reiciendis minima nihil sit laboriosam ea aut commodi eos rerum quasi magnam asperiores laudantium. Quisquam beatae, et consectetur cumque tempore quos velit deserunt sit debitis necessitatibus aut sint repellat! Iusto quo recusandae culpa voluptates et aut sit, quisquam ullam blanditiis error quaerat vitae qui. Aut distinctio, ut et quis voluptatibus architecto quas placeat voluptas ut et labore corporis ea. Unde accusantium ea beatae qui ut inventore odit tenetur, voluptate praesentium nostrum nisi distinctio est. In neque corporis aperiam magni atque quos cum magni voluptatum voluptas deleniti dolore inventore quia. Provident ipsam facilis, distinctio incidunt corporis repellat sed provident et consequatur voluptatem sapiente quam accusamus! Sit nisi possimus ad aut quos ea quis dolorum nostrum dolore illum est quasi cupiditate? Molestiae eum quae fuga voluptas corrupti consequatur tempore ducimus sit aut reprehenderit corporis cupiditate est. Vel nobis nostrum, ipsam repudiandae unde fuga similique aut at possimus neque veniam inventore eos! Ratione accusantium facere excepturi voluptatem itaque cum saepe cupiditate culpa quam sed nemo qui neque. Voluptas ad, similique laborum ea maxime quia sapiente omnis est consequatur placeat animi veritatis suscipit. Culpa est illum possimus laborum, exercitationem sequi aut dolor nisi et tempora vel voluptatum enim. Molestiae dolores consequatur earum non similique totam blanditiis nulla corrupti soluta totam et voluptatum rerum...
Et ullam architecto repellat suscipit eum hic veritatis magni exercitationem qui eum dolorem at dolor. Sed provident, ducimus assumenda fugit molestiae vitae pariatur id nihil placeat pariatur assumenda recusandae debitis. Optio ut hic et cumque iusto repellendus reprehenderit adipisci dolorem eaque velit eaque eum sed. Incidunt et nihil inventore qui similique et debitis culpa quam modi est odio culpa sunt. Qui quo suscipit illo debitis deleniti expedita suscipit et aut accusantium quia et maiores vero. Sint iusto corrupti corporis, est explicabo ab et cumque et quibusdam iure nemo nesciunt ut. Et qui cum laudantium rerum modi officia quibusdam sint earum eum nihil aut ipsam error; consectetur rerum ex voluptatem et cum eum consequuntur obcaecati magni ipsam excepturi explicabo quo voluptatibus. Architecto sed facere sed saepe adipisci distinctio qui obcaecati qui corrupti nihil excepturi corrupti voluptas! Delectus ab quasi numquam nihil quidem quia aut veritatis vitae pariatur qui dolorem autem eos. Error officiis iusto animi voluptatem et consequatur, quas dolore adipisci voluptas dignissimos et rerum molestias; ducimus commodi aut reiciendis, quo rem natus ut dignissimos aut totam cumque blanditiis quis autem. Aut ut velit ab voluptas qui maiores laborum rerum in voluptas animi aliquid laboriosam libero.', 3, N'Wiley68', -37, -997, 731, 3, 3, N'https://youthasted.at/ngthais/thaarerehat.html', N'Joesph Canty', '2021-01-14 07:34:24.370', N'Towanda Maclean', '2020-01-25 06:27:55.070', 0, '2021-01-16 00:31:14.460', 3)
INSERT dbo.Post(PostId, UserId, Description, RequirementTypeId, LocationName, Longitude, Latitude, HelpRequiredCount, CityId, StateId, ImageURL, CreatedBy, CreatedAt, UpdatedBy, UpdatedAt, IsClosed, CloseAt, PincodeId) VALUES (4, 8, 'Magnam provident maiores molestiae delectus alias nemo aliquid qui ipsa consequatur esse temporibus eligendi non; incidunt sequi ipsa quia officiis consequuntur officiis sed et autem, praesentium blanditiis consequatur sed itaque. Tempora magni, qui omnis natus dolor et nihil odit fugiat possimus voluptate inventore laudantium illum. Accusamus laudantium autem doloremque ratione quas libero sit modi id delectus repellendus, adipisci vero distinctio? Maiores rerum pariatur ab dolorum facere laboriosam laborum asperiores eveniet obcaecati explicabo nostrum cupiditate aut. Libero qui unde, quo laboriosam magni autem in rerum aut non voluptates quibusdam est id; inventore mollitia doloremque itaque nihil dicta incidunt quidem totam fugit quos sequi laborum accusamus architecto; a ipsa vel, et quibusdam aut laborum voluptas exercitationem doloribus nihil ullam deleniti nisi neque. Dolorum at repudiandae possimus omnis iure, aliquam at architecto qui voluptas est autem nulla ut! Optio veritatis hic non perspiciatis velit et, optio quis sed reiciendis cupiditate facere necessitatibus dolores. Qui quibusdam voluptatem debitis facilis libero optio et veritatis, neque ipsum excepturi voluptatum veniam earum? Voluptate et aspernatur sint, in assumenda inventore omnis ab ipsum voluptas et nobis quis debitis. Rerum atque, eos est deserunt ad sunt quae ipsam itaque ut commodi architecto magnam nulla. Temporibus rerum laudantium temporibus maiores quasi omnis aperiam placeat reiciendis quis ipsum non et odit.', 8, N'Melva521', -36, -996, 547, 8, 8, N'https://youhadwit.ch/hensho/hinhe/ereyououl/buthin.php?t=30&p=596', N'Trey Allan', '2020-07-05 10:00:56.590', N'Davida Goff', '2021-05-01 05:40:30.810', 1, '2020-09-01 06:55:34.230', 4)

INSERT dbo.Post(PostId, UserId, Description, RequirementTypeId, LocationName, Longitude, Latitude, HelpRequiredCount, CityId, StateId, ImageURL, CreatedBy, CreatedAt, UpdatedBy, UpdatedAt, IsClosed, CloseAt, PincodeId) VALUES (5, 7, 'Voluptas sint at quis et velit rem dolores molestias voluptas et quasi est magnam incidunt. Autem repudiandae, voluptatem provident vero optio odit nesciunt et cupiditate qui unde ducimus explicabo et! Rem obcaecati quam ipsum molestiae quibusdam iure voluptas esse quia quidem et a consequatur et. Ad laudantium eveniet, optio eos saepe nostrum reprehenderit error quos sit qui ducimus nostrum et? Omnis quia eum ipsum excepturi illum aperiam cupiditate quam dolorum aspernatur quia est voluptatem cupiditate! Qui dignissimos officiis nostrum, commodi ex ducimus ratione corrupti voluptas aut totam est similique fugit. Omnis sequi natus, libero eos sequi modi dolore dignissimos sunt id eaque saepe voluptatem sed! Voluptas et repellendus voluptatem earum officiis sit et at quasi molestiae ab aut debitis et.
Aspernatur sapiente accusamus, sint dicta illo sed praesentium placeat ab numquam et aut sed similique. Alias sed aut, autem est vitae laboriosam dolorem dolorum impedit tenetur laboriosam quas quia quaerat. Culpa quis nemo eius qui suscipit facere recusandae facilis dolorum excepturi, eum quod libero autem. Debitis harum fuga et non sunt provident tempora dolores sit saepe odio saepe rerum consequuntur. Eum qui ea officiis harum laborum magnam dolorem dignissimos sit et sit non perferendis numquam! Suscipit et autem aut cupiditate, voluptate ex voluptatem sint cum hic totam aperiam incidunt ea...
Odit omnis doloremque, quas tempore sit praesentium velit dolores a suscipit dolorem culpa repudiandae ut. Autem qui culpa quisquam earum veniam qui eius ut et blanditiis dolorum eveniet tempore ducimus; sed maxime amet blanditiis rerum molestiae illum consequuntur possimus qui vero dolor eius aut sed. Error quidem at maxime qui et vel ut id totam ut corrupti facilis ratione est. Expedita et autem facilis maiores cumque odit accusantium sunt aspernatur nemo accusantium animi tenetur nisi.', 7, N'Nathaniel892', -10, -995, 330, 7, 7, N'http://atreandare.mx/hiwitere/thaentheere.php', N'Tyrell Cockrell', '2021-07-13 02:14:41.230', N'Dario Lowry', '2021-07-19 03:55:25.680', 1, '2021-07-05 06:53:40.580', 5)
INSERT dbo.Post(PostId, UserId, Description, RequirementTypeId, LocationName, Longitude, Latitude, HelpRequiredCount, CityId, StateId, ImageURL, CreatedBy, CreatedAt, UpdatedBy, UpdatedAt, IsClosed, CloseAt, PincodeId) VALUES (6, 2, 'Dolore accusamus modi adipisci sunt obcaecati architecto ut eum voluptatibus atque aliquid perferendis asperiores ut. Minima dolorum ea iste odit eum ipsa eum fugiat ut sunt quaerat qui itaque ut. Blanditiis et maiores debitis quia libero nihil veritatis maiores, corrupti id incidunt tempora corporis rerum. Obcaecati labore perferendis non quibusdam doloremque dolorem vel praesentium iure nihil quam non totam omnis! Mollitia et distinctio, nesciunt cumque quis molestiae voluptatem est dicta magni est quod ad et. Pariatur deserunt aspernatur eveniet et consectetur quibusdam autem sed repudiandae et adipisci facilis nobis voluptate? Est praesentium ullam sed voluptate nostrum ut at suscipit fugit ducimus saepe aut voluptatem possimus! Harum consequatur adipisci dicta numquam non quos eum veritatis harum, praesentium voluptates rem rerum fugit. Ut accusamus enim consequatur aut et tempore autem eligendi nihil tempora commodi sunt sit omnis! Distinctio error hic quo soluta quia id omnis nulla culpa amet iure sunt nihil aliquam. Distinctio non sapiente temporibus sunt ipsa et quia id qui maxime eum atque sint soluta! Aut voluptatem, tempore qui aliquid ducimus aliquid officia consectetur vel perferendis sunt repellat alias quia? Molestiae neque sed molestias aut illo quas quae dolorem asperiores dolores rerum cum pariatur quidem. Magni eos, quae at nisi in quam omnis ullam eos odio qui est numquam ut! Nulla est corporis quia perferendis voluptatem deleniti et blanditiis possimus distinctio at reiciendis numquam iure. Sapiente asperiores esse ut repellendus quia sit est commodi vero autem fugit incidunt et ullam. Omnis commodi, voluptatem totam fugiat sint est in cum eius commodi molestiae sunt reprehenderit sit? Molestiae in et autem qui error velit libero laudantium aperiam aliquid fugiat consequuntur voluptas quia. Possimus quo tempore a aut quo perspiciatis dolores ex debitis incidunt fugiat commodi ipsam voluptatibus.
Dolorem quo sed consequatur tenetur dolore voluptate dignissimos eum quia ducimus quia enim omnis rerum; quas esse animi qui aut qui officia et, dolorum voluptatem dolores qui similique placeat facere.', 2, N'Kellum8', 0, -994, 683, 2, 2, N'https://www.neal.hu/our/threne/witthaher/sthin.htm', N'Mariette Montgomery', '2020-08-04 02:09:01.400', N'Dominic Fraser', '2020-01-08 01:20:49.270', 1, '2020-01-15 15:24:05.020', 6)
INSERT dbo.Post(PostId, UserId, Description, RequirementTypeId, LocationName, Longitude, Latitude, HelpRequiredCount, CityId, StateId, ImageURL, CreatedBy, CreatedAt, UpdatedBy, UpdatedAt, IsClosed, CloseAt, PincodeId) VALUES (7, 5, 'Nesciunt molestiae repellat esse placeat temporibus qui inventore et perferendis ea placeat iusto a rerum. Nostrum fugit quam eligendi facilis eius perferendis repellendus et quidem aliquam quis qui quaerat amet? Est id quis praesentium autem ipsa ipsam nobis rerum veniam nostrum sed iusto aut error. Voluptas numquam velit rerum voluptatibus cum, est aspernatur officia magni et ipsa est inventore reiciendis. Architecto quaerat, minus tenetur non mollitia doloribus repellendus tempora non repellat consequuntur alias ea unde. Sapiente molestias accusamus aliquam omnis ab impedit quidem sed velit molestiae aspernatur a dolor et. Tempora ea nihil incidunt molestiae doloremque, nihil sequi adipisci totam ipsum ut omnis doloribus perferendis. Hic ut voluptate pariatur veniam sit maxime, praesentium qui ut quasi tempora nesciunt autem ratione; est reiciendis dolores quis molestiae hic omnis officiis in commodi doloribus nulla alias et aliquid. Est quam dolor perspiciatis non autem sunt qui eligendi harum itaque fuga nihil veniam vitae! Ut dolorem, quasi cumque autem doloribus eius recusandae laboriosam odit totam nulla quo quidem qui. Cum minus molestias et quae rerum aspernatur qui ut aut necessitatibus totam saepe sint atque! Veritatis rerum accusantium expedita voluptatem iure itaque dolorem aut explicabo fuga a, sint consequuntur architecto.
Aliquam non in rerum dolor placeat vitae facilis expedita harum at ut dolore fugiat sunt. Et id laborum pariatur ut nulla qui maxime temporibus ut sit accusamus et officiis aut? Est doloribus est suscipit in molestias exercitationem est rerum iure eos impedit voluptatem quibusdam reiciendis. Autem quis numquam exercitationem quod in quo dolores in quia modi rerum in autem ut.
Quo aliquam quia distinctio, vel velit repudiandae sit sed amet deleniti autem molestiae voluptatum dolor. Sed mollitia suscipit aut dicta est magni sit mollitia repellat hic ipsa sit sapiente ut; nam aut voluptatem pariatur molestiae laboriosam saepe rerum, in velit nihil autem delectus et error? Repellat cumque voluptatibus itaque qui aspernatur alias consequatur, quia repellendus harum et at velit amet. Eum aut vel eum fuga cupiditate harum quasi et voluptatem consequuntur ipsum atque quo eum. Et ipsum natus sit error maxime consequatur quidem dicta asperiores voluptatem et omnis nam quo! Accusamus tenetur repellendus tempore et voluptas necessitatibus pariatur ut necessitatibus repudiandae sit dolores qui quo. Unde architecto et ex dolores eaque placeat voluptatum non nostrum dolores quae consequatur laborum quasi. Qui dolorem repellat eveniet, nulla velit accusamus facere debitis possimus ipsam nemo rerum dignissimos qui. Voluptatem nobis cumque a vero et minus et in earum qui facere et porro in! Quia ut nam libero repellat est eaque, officiis magni laudantium laboriosam repellendus omnis consequatur est.', 5, N'Petra146', -53, -993, 169, 5, 5, N'http://www.mehisouere.ar/uldedng/teratnt/altoon/herhadores.asp?id=268', N'Mariella Staggs', '2021-02-03 16:12:56.830', N'Paulette Hanna', '2020-09-27 16:37:14.270', 0, '2021-05-22 19:10:27.170', 4)
INSERT dbo.Post(PostId, UserId, Description, RequirementTypeId, LocationName, Longitude, Latitude, HelpRequiredCount, CityId, StateId, ImageURL, CreatedBy, CreatedAt, UpdatedBy, UpdatedAt, IsClosed, CloseAt, PincodeId) VALUES (8, 7, 'Dolor assumenda dolores qui libero excepturi ut aut placeat omnis et debitis quam dolor voluptas. At voluptates est et quidem sed iure possimus accusantium delectus dolor et est voluptatem dolorum. Vero corporis error temporibus, quod atque ut accusantium soluta debitis soluta nobis accusantium ipsa aut. Aliquam vero sit qui commodi expedita inventore magnam reprehenderit similique totam et, minus nisi aperiam. Quo possimus est quia voluptatibus nihil et repellat dolores officia accusantium provident consequatur similique recusandae. Aut accusamus, labore qui reprehenderit consectetur animi quia reprehenderit ea sed cumque earum unde deserunt. Maiores et, vitae in nam quibusdam cum dolores eaque ab repellat alias consectetur vitae iure? Consequuntur dolores aspernatur et non incidunt dolores quia dolores et dicta sint dolore nam aut. Temporibus eligendi numquam molestiae qui consequuntur quia quaerat exercitationem est deserunt voluptas aliquid, sit aut. Optio velit sunt corporis aut dolores in nobis voluptates expedita quia molestiae et expedita commodi. Quidem ducimus ipsum unde est iste fugiat, nesciunt rem exercitationem nobis est molestiae enim nihil. Non cupiditate asperiores magni veritatis, excepturi fuga ducimus modi et voluptatem recusandae sit fugit quia! Voluptatem quia soluta voluptas magni architecto voluptatibus repudiandae fugiat qui laborum quod voluptas architecto non.
Non doloremque dolores rerum nemo voluptates esse mollitia optio velit et deserunt sed provident iure. Corporis temporibus illum consequatur illo a eos sint aut perspiciatis cumque illum asperiores corrupti officia.
Et eveniet sunt ab veniam non quibusdam eum repellendus vel asperiores autem adipisci laudantium veniam. Dolor eum omnis qui pariatur ea quia aut eum et repellat, dignissimos in laudantium dolor. Nihil sint consequatur maiores quisquam ab, est repudiandae qui provident repellendus delectus voluptas dignissimos quam. Aut pariatur vitae, quisquam necessitatibus repudiandae optio et ipsam accusamus nobis omnis qui illum qui; error libero sequi ea et sunt reprehenderit ut expedita fuga sint harum totam quam veniam? Molestias nam beatae placeat consequatur, quis voluptas possimus ad quam facilis dolorem temporibus facilis et! Qui consequatur temporibus, voluptatem officiis omnis ab quae ut et accusantium eveniet facilis ullam at. Voluptates asperiores sed quos quisquam, esse nesciunt est laborum sit quaerat dicta sit minima velit? Esse aliquid iste numquam vel repudiandae incidunt corrupti repellat rerum dolore error cum saepe sunt. Maiores quia minus aut animi qui aut dolore est eligendi facilis cumque velit omnis dolor; reprehenderit quas eos doloribus eos et eaque culpa eos quos voluptates distinctio tenetur sed nesciunt. Suscipit iste excepturi temporibus, voluptatibus est quia dolores assumenda et eaque dignissimos nisi in at. Impedit ducimus et voluptatem molestiae maiores et impedit illum eum recusandae ex sunt quisquam aperiam; optio accusantium, illum dignissimos molestiae omnis officia cum dolor fugit odio repellendus et nihil autem. Quidem velit rerum, exercitationem tenetur deserunt quasi repudiandae voluptatem sequi temporibus dolorem culpa facere eligendi.', 7, N'Gerry318', -68, -992, 561, 7, 7, N'http://www.veseionas.kr/herthihin/sttedion/edallit/these.php', N'Tristan Damico', '2020-01-27 13:27:47.430', N'Wanda Oden', '2020-01-27 15:42:21.930', 1, '2020-03-14 14:29:03.930', 7)
EXEC(N'INSERT dbo.Post(PostId, UserId, Description, RequirementTypeId, LocationName, Longitude, Latitude, HelpRequiredCount, CityId, StateId, ImageURL, CreatedBy, CreatedAt, UpdatedBy, UpdatedAt, IsClosed, CloseAt, PincodeId) VALUES (9, 1, ''Eligendi voluptas in voluptatem tenetur est ut modi nobis atque quia ab ipsam sed vel. Et cum, aut quos incidunt harum aspernatur est magnam cupiditate aut commodi et est modi. Voluptas sit et ut, sed hic ad non iusto nam odio quae voluptatum explicabo deleniti! Fugit ratione a ut magni nisi laboriosam eum ut laborum nihil minus est esse id? Voluptas et id ullam dolorem dolores, quod temporibus minus ipsam a ut et excepturi labore. In fugiat repellendus eveniet, labore adipisci eveniet nihil porro labore id enim omnis optio dolor! Consequatur placeat in voluptates autem itaque, modi commodi non esse distinctio enim deleniti sunt nihil. Aliquam dolores magnam sint molestiae nihil voluptas eum quo minus expedita eius dignissimos qui magni. Quis odio eius laboriosam ad est fugit assumenda error voluptatem ea laborum magni est explicabo. Nihil explicabo et aut, eum quia deleniti sunt nam omnis accusamus sunt ipsum eligendi itaque. Aut ullam, placeat qui amet commodi est dolores eaque et eligendi nihil consequuntur eaque harum; et consectetur aut voluptatem et harum tempora ex rerum qui a aut ratione et voluptatum. Aut veritatis perferendis excepturi obcaecati excepturi odio sequi consequatur quis consectetur provident molestiae vel placeat? Ducimus dignissimos dolor quasi, officiis et amet qui vitae aliquid accusantium repudiandae et eos veniam!
Qui ad quaerat ut, nihil ex ipsam quia ipsam reiciendis aut omnis est itaque sint. Nobis ab repudiandae, corrupti dolore exercitationem hic aspernatur repudiandae in necessitatibus aut molestiae ratione sunt. Optio architecto veritatis quia nemo voluptas alias iure eveniet saepe aut ut non exercitationem beatae! Sed eligendi quisquam sit omnis est repellendus ipsum dolorem quidem consectetur placeat dolor voluptas dolores? Quisquam cum mollitia hic porro ut nemo sit reprehenderit qui ut cumque aut ab cumque. Ratione quis repudiandae iure repudiandae possimus sunt eaque maiores voluptatem animi quo architecto atque consequuntur. Sit non ut excepturi aspernatur vel ea, voluptatem corrupti consequatur pariatur possimus vel praesentium placeat. Ex quia vel aut, odit quia corporis vel provident consequuntur nesciunt et velit aspernatur voluptas! Aperiam amet quas in minus fuga exercitationem impedit optio labore et voluptas dolorum quasi quo; dolorem perferendis cumque dolore rem error sint facilis ea qui temporibus veritatis voluptatibus consequatur aut. Ut itaque architecto aut nesciunt vel culpa nisi qui aperiam cum explicabo eum dicta sint! Recusandae dolor ut, quisquam perferendis tempore suscipit dolorem et dolorum placeat sint harum nesciunt commodi. Vitae ratione, voluptas sunt rerum voluptatum maiores necessitatibus corrupti et illo hic corrupti harum eum; tenetur voluptatem harum sunt quia repellendus perferendis dicta rerum fuga aut accusantium molestiae veritatis veniam. Eaque voluptates magnam praesentium consequatur iure sit dicta sit consequatur et architecto quasi commodi iusto.
Eum aut magni ut eveniet dolor voluptas ut, similique quas dolor sit eos et qui. Quis deleniti pariatur quas dolores est fugiat tempora non rerum ut ea beatae rerum facere. Odio ea molestiae dolorum non possimus voluptatum at doloribus dolor dolorem eius, aliquam corporis dolores. Minus vero error ut doloribus non et dolorum, delectus id distinctio dolorum commodi odit quis. Aut quae blanditiis amet ut aut et molestiae ut facilis ipsam sapiente molestiae dolorum architecto. Libero velit enim, dolorum tenetur odit beatae iusto qui quo ut temporibus exercitationem sed omnis. Quo et eligendi eos quisquam sed quasi dignissimos consequuntur voluptatem architecto non inventore dolorem iure.'', 1, N''Caitlin369'', -2, -991, 636, 1, 1, N''https://orallour.gr/andle/theherinhad.asp'
+ N''', N''Felisa Saylor'', ''2020-12-18 17:51:31.190'', N''Mavis Turney'', ''2020-09-19 05:24:07.310'', 1, ''2020-07-24 01:40:33.560'', 606448)')
INSERT dbo.Post(PostId, UserId, Description, RequirementTypeId, LocationName, Longitude, Latitude, HelpRequiredCount, CityId, StateId, ImageURL, CreatedBy, CreatedAt, UpdatedBy, UpdatedAt, IsClosed, CloseAt, PincodeId) VALUES (10, 7, 'Illo amet voluptas porro id nulla quia dolores itaque adipisci fugit modi similique incidunt quibusdam.', 7, N'Sherman313', -1, -990, 957, 7, 7, N'https://www.hadhiseare.ae/thawitwas/withisst/walehen/ithhiatbut.php?t=99', N'Eugenio Aguilera', '2020-02-11 06:56:35.950', N'Delinda Judd', '2021-02-04 01:51:52.320', 0, '2020-01-09 14:20:19.060', 8)
GO
SET IDENTITY_INSERT dbo.Post OFF
GO

--
-- Inserting data into table dbo.CharityEvent
--
INSERT dbo.CharityEvent(EventId, EventName, EventDescription, EventOrganiserId, EventStartDate, EventEndDate, IsVerified, EventType, CreatedBy, CreatedAt, UpdatedBy, UpdatedAt, IsCompleted) VALUES (1, N'Reyes2017', 'Quia voluptatibus delectus quaerat impedit repellendus officiis illum quasi rerum non a ratione voluptas dicta. Neque debitis quod itaque perspiciatis molestias, maiores ea autem recusandae autem necessitatibus nam omnis enim! Quibusdam quia optio vero reiciendis excepturi unde doloremque ab enim consequuntur officiis architecto iste aut. Doloremque quisquam dolore dicta quisquam et pariatur et debitis facilis architecto quaerat illo ut in. Unde nisi, in reiciendis vitae repellat sint eos sit id odio tempore voluptates alias necessitatibus. Dicta architecto obcaecati quia quasi non asperiores et quos, consequatur alias libero inventore sunt dolore. Deserunt nam, explicabo assumenda nemo velit eos iusto eos fugiat itaque aliquid sint minus sint? Inventore voluptates sequi eius, et fugiat repudiandae est laborum asperiores minus et non dolor pariatur. Illo id quam perspiciatis id deleniti, sunt quisquam et qui molestias fugit in illum et. Provident qui aut et vel, adipisci earum ut nemo tempora similique eaque hic qui et. Itaque rerum voluptate inventore iusto qui soluta laboriosam error temporibus repellat aspernatur aut quidem eligendi. Voluptatem autem nemo fugiat earum dolores ut minus tenetur maiores architecto nulla dolor et eum! Aut sed ea, ut tempore fuga qui inventore ut maiores voluptatem hic ut pariatur eligendi? Sit vel quo nulla dicta ut molestias pariatur in rerum quo at quo voluptas velit. Sed error fugiat omnis beatae omnis voluptatem asperiores omnis eum ab tempora, voluptatum est et! Blanditiis laboriosam dolorum, dignissimos pariatur distinctio provident voluptatem optio sint illo commodi mollitia fugiat facere. Saepe non harum culpa perspiciatis fugit impedit velit quidem et modi et modi asperiores dolorem! Enim sunt ipsum nihil, expedita tempore est asperiores illo in nihil enim quia a fugit.', 1, '2020-01-01 00:00:01.000', '2020-01-01 00:00:01.000', 0, N'EKGQ4ULR6W5108B1U5L1N904X6384LTN3T10BQD812I4361W80', N'Frankie Shea', '2019-01-01 00:00:01.000', N'Stanford Ledesma', '2019-01-01 00:00:01.000', 1)
INSERT dbo.CharityEvent(EventId, EventName, EventDescription, EventOrganiserId, EventStartDate, EventEndDate, IsVerified, EventType, CreatedBy, CreatedAt, UpdatedBy, UpdatedAt, IsCompleted) VALUES (2, N'Colette67', 'Fugiat minus, rem dolor eos voluptatem laudantium eaque est aliquam voluptates excepturi culpa reiciendis animi. Consectetur sed, voluptas sequi laudantium illum illo est culpa odio mollitia exercitationem voluptas quia perspiciatis. Eligendi corrupti explicabo voluptatum eos consectetur, eveniet in libero atque in animi repellat ea similique; cumque in ea commodi pariatur et, rerum molestiae ad totam voluptatem officiis vel nostrum unde. Ut tenetur, voluptas ab distinctio sit consequuntur qui repudiandae sunt soluta est nostrum molestias perspiciatis! Voluptates nobis dignissimos illum nihil impedit omnis est corrupti vero quia maiores velit reiciendis porro; deleniti ea aliquam nostrum voluptatem est, vero et consequatur doloribus explicabo voluptatem id vero aut. Quibusdam quia non voluptatem dolores provident aut at quia earum natus excepturi laboriosam laudantium labore. In ducimus iste mollitia facilis voluptates doloribus modi ducimus quia temporibus magni necessitatibus recusandae consequatur. Vel qui cum dolorem in corrupti dolores culpa quia cumque quo ipsum error a voluptas! Ab excepturi quaerat, quia sunt soluta voluptatem ad dolore voluptatem commodi perspiciatis obcaecati iure fuga.
In et, alias eum unde esse enim illum laudantium eos ut natus eos porro autem. Nostrum ut, architecto soluta commodi dolorem velit labore temporibus eligendi et omnis enim ullam tenetur. Quae sunt quo dolore et sunt sit et voluptas ut modi possimus consequuntur aut assumenda; est dolorum accusamus quod dolores tempore aspernatur rerum non ullam et ipsum magni maiores inventore? Cumque odit, doloremque mollitia quae ut laudantium repudiandae est consequatur quo officia quos ipsa ad. Dolor consequatur quaerat vel repudiandae non sint totam soluta ducimus voluptate magnam voluptatem modi ab! Velit quia praesentium excepturi corrupti tempore harum quo quia ratione maiores minus eos voluptates fugit. Voluptatem quo consectetur iure aliquam et eos sequi magni ab voluptatum voluptates id in consequatur. Natus ducimus aspernatur voluptatem ullam sit incidunt sunt nisi quidem quibusdam voluptatibus non magni voluptatem. Consequatur doloribus ut et vitae assumenda iure amet dolores voluptas consequuntur fugiat rerum nemo iste. Ullam accusantium perferendis ut eaque, corporis et molestias quis rerum voluptate mollitia illo sit autem.', 2, '2020-01-02 00:00:01.800', '2020-01-02 00:00:01.320', 0, N'HS3I1GV83I332MSA06AE1L73KMY5Q32L2', N'Erin Magee', '2019-01-02 00:00:01.840', N'Ronnie Velazquez', '2019-01-02 00:00:01.370', 0)
INSERT dbo.CharityEvent(EventId, EventName, EventDescription, EventOrganiserId, EventStartDate, EventEndDate, IsVerified, EventType, CreatedBy, CreatedAt, UpdatedBy, UpdatedAt, IsCompleted) VALUES (3, N'Danner2002', 'Nam temporibus veritatis est voluptate harum, nesciunt autem aspernatur ea voluptas facere eaque aut qui. Aut optio, suscipit deleniti temporibus repellendus tempora consequuntur modi ad est nisi minus libero qui. Earum nostrum placeat perspiciatis non placeat qui voluptatibus illo deleniti in consequatur eum ut dignissimos. Natus ipsa porro quia aut cupiditate sed pariatur cum aut cumque animi quo et quibusdam! Vero ducimus consequatur consequuntur est deserunt facere explicabo, sint rerum quis repellat suscipit cumque soluta. Iusto rerum, qui quis placeat aliquam similique reiciendis saepe natus assumenda rerum dignissimos et accusantium! Quis ad a doloremque cumque, repudiandae et sit nobis minus cumque velit hic eius sit. Esse aliquam quae temporibus ab quasi eos maiores sit praesentium aut soluta nostrum laboriosam ea! Omnis perferendis qui iure voluptas, ipsum totam consequatur cupiditate ducimus et neque eaque repudiandae omnis. Repellendus delectus placeat aliquam ea aliquid impedit velit, maiores fuga tempore repudiandae eius natus delectus. Dolorem eos, eaque eos modi qui eum sapiente quo magni voluptatem eveniet aut facere architecto. Cum et rerum numquam quia odit, ea quae eveniet et autem incidunt aliquid et omnis! Molestiae ut omnis, enim veritatis repellendus tenetur maxime ex cupiditate voluptatem ut ex quod qui. Quia recusandae ut eum a odio id, eos officia tenetur aut eveniet nihil ratione quos...
Quisquam aliquam doloremque voluptate est veritatis iste pariatur odit dolores vel quas sed corrupti atque. Quo dolores provident numquam et ut voluptatem et ducimus eaque odio molestiae nihil at eligendi. Quasi consequatur voluptate consequatur similique aut qui sit ipsum eos quos earum consequatur veniam velit! Eum ex amet magnam quis, iste molestiae excepturi ut ipsa distinctio vel possimus qui quas. Voluptas voluptatem, sit eius omnis nobis aut ab est sed veniam quidem et veniam quos. Deserunt cum obcaecati nulla dolor voluptatibus vel et nemo debitis in est aut est dolorum! Aperiam ut, ex nulla voluptatibus dolores voluptatem labore eos sit et alias ullam et ab. Facere similique neque in ut commodi quas laudantium eius beatae, quia impedit eum consequatur pariatur. Aspernatur dolorem aut libero quibusdam ducimus, quia ut dolor illo nihil similique quam dolores corrupti; ab in ipsa quis aspernatur ea eius ut, eum rem rerum sunt voluptatem odit tempore. Totam et reiciendis autem laudantium quia quos nulla asperiores quis non ut et hic dolores.', 3, '2020-01-03 00:00:01.240', '2020-01-03 00:00:01.540', 1, N'8F53V', N'Allan Barger', '2019-01-03 00:00:01.830', N'Salome Jack', '2019-01-03 00:00:01.120', 0)
INSERT dbo.CharityEvent(EventId, EventName, EventDescription, EventOrganiserId, EventStartDate, EventEndDate, IsVerified, EventType, CreatedBy, CreatedAt, UpdatedBy, UpdatedAt, IsCompleted) VALUES (4, N'Cathrine2026', 'Tenetur rerum tempore id sed velit consequatur ut omnis sed animi sunt culpa voluptate explicabo. Ipsa ex tempore harum voluptate vero rem consequuntur cupiditate ex ea ut optio facilis accusantium. Id accusamus quidem aliquam aut totam quia provident quam animi nobis laborum modi assumenda sapiente. Et aut culpa commodi qui rem quo eius quam id corporis et qui, perferendis officiis. Magnam atque fugiat magni porro possimus magni saepe quis tempora enim iste temporibus sint repellat! Sequi corporis enim nesciunt est sit quis magnam aut sed nulla omnis deleniti fugiat odio.
Est consequatur quam et sit qui iure corrupti fugit exercitationem esse minima temporibus eius ad. Impedit illum quia eius sint eum quia debitis veniam facere laborum ipsa autem placeat atque. Laboriosam at omnis, ut harum provident et minus repudiandae maiores error est aut molestias provident. Magni harum doloremque velit fuga pariatur praesentium harum et laboriosam, quas et vel mollitia ipsa. Et magnam, nulla nihil sequi ipsa nulla nihil aspernatur nihil molestiae fugiat minima eum qui. Sequi nesciunt, sed doloremque omnis ut neque qui nemo molestiae rerum sit iusto ex illo! Quas dolorem, sunt eum exercitationem est dolor ipsam minima ut id architecto aliquid accusamus odio. Porro obcaecati quia, distinctio sapiente accusantium optio explicabo quisquam ipsa autem quod quia et rerum! Et officia accusantium nesciunt est perferendis quaerat quidem natus quae fugit illum dolorum maiores officiis. Magnam eaque aliquid magnam facilis quia repellat facere qui et voluptatum, molestias magni recusandae iste. Dolores sunt architecto temporibus, velit sunt amet quidem odit quaerat deleniti voluptas cumque facilis debitis! Velit voluptatem itaque eius unde eveniet corporis veniam ipsa sed odit eos, est aperiam dignissimos; dignissimos autem vel totam dolore et harum sit culpa cupiditate aut adipisci quam laudantium dignissimos. Aliquam eos quidem aliquid ut quia optio harum, suscipit esse saepe ea repellendus rem quod. Eum nobis in autem qui tempore, consectetur modi dicta ea delectus architecto quo id ut! Cumque aspernatur nesciunt illo quos est minima et velit cum et inventore perspiciatis qui voluptatem? Ut cumque quidem sint explicabo est quod inventore enim iure velit libero non sunt rerum. Perferendis fugit obcaecati incidunt, magnam quam non sapiente voluptatem beatae placeat cum quod rerum quaerat; aut in vel eum asperiores ipsum dolorem voluptates possimus doloribus non excepturi corrupti quam animi. Quisquam veritatis quam excepturi atque deserunt nisi autem saepe dolorem similique est a minima id!', 4, '2020-01-04 00:00:01.560', '2020-01-04 00:00:01.260', 1, N'ER0', N'Dagmar Duarte', '2019-01-04 00:00:01.960', N'Vincent Mclain', '2019-01-04 00:00:01.660', 0)
INSERT dbo.CharityEvent(EventId, EventName, EventDescription, EventOrganiserId, EventStartDate, EventEndDate, IsVerified, EventType, CreatedBy, CreatedAt, UpdatedBy, UpdatedAt, IsCompleted) VALUES (5, N'Wesley2017', 'In temporibus veritatis eum repudiandae dolore ad ut molestias illo ex consequatur aperiam quia nam. Et fugiat, accusantium culpa iusto placeat quia odit veniam et quis quo repellat esse unde. Est quia, soluta assumenda quis unde quasi aut magnam aliquid ut possimus nostrum quae aut. Sed est asperiores modi eius neque libero reiciendis nobis molestiae quasi inventore tenetur ex commodi. Amet explicabo et dolorum qui natus iusto laboriosam consequatur ut omnis dignissimos qui ut in. Autem dolor eos molestiae, aut sint iusto repellat quae nisi asperiores rerum quam velit assumenda! Vel eos ea assumenda molestiae nulla, esse fugiat quos qui deleniti fugiat suscipit incidunt nesciunt. Sit vel labore, et voluptates inventore quo vero sint iste earum labore sit aliquid cupiditate. Beatae qui quasi quis et voluptatum placeat reprehenderit minima voluptatibus ab nulla eos nam dolores! Sint et nam in unde magnam tempore excepturi qui consequatur mollitia quia iusto architecto optio. Nam ut hic eaque ut tempore eius velit et explicabo harum perspiciatis ullam modi voluptatem. Dolorem iste ipsam, dicta nostrum possimus consequatur quasi voluptatem dolores omnis debitis dolore minima et! Qui dolor debitis doloribus ratione, quas magni consequuntur aliquam eum dolor sint tempore nobis quo.', 5, '2020-01-05 00:00:01.870', '2020-01-05 00:00:01.090', 1, N'04UAAD334Z290K', N'Eleonora Galvin', '2019-01-05 00:00:01.300', N'Ava Pease', '2019-01-05 00:00:01.510', 1)
INSERT dbo.CharityEvent(EventId, EventName, EventDescription, EventOrganiserId, EventStartDate, EventEndDate, IsVerified, EventType, CreatedBy, CreatedAt, UpdatedBy, UpdatedAt, IsCompleted) VALUES (6, N'Darron6', 'Odit consequatur voluptas obcaecati non aliquam voluptatem maxime non voluptas optio consequatur dolor atque molestias. Rerum doloribus asperiores rerum neque numquam expedita cum a mollitia a rerum et qui aut. Deleniti impedit quis iste quis ipsum totam qui distinctio ut quo est unde maxime totam! Qui adipisci molestiae nam a et vel necessitatibus alias id adipisci inventore natus obcaecati et. Ut dolor, voluptatem voluptatum nobis tenetur similique eum sapiente neque doloribus rerum aut ut molestias. Repudiandae voluptates sunt, tenetur sit laboriosam deleniti id sit harum distinctio et voluptatem quo quod.', 6, '2020-01-06 00:00:01.940', '2020-01-06 00:00:01.390', 0, N'99R3', N'Abel Dayton', '2019-01-06 00:00:01.840', N'Antione Travis', '2019-01-06 00:00:01.290', 0)
INSERT dbo.CharityEvent(EventId, EventName, EventDescription, EventOrganiserId, EventStartDate, EventEndDate, IsVerified, EventType, CreatedBy, CreatedAt, UpdatedBy, UpdatedAt, IsCompleted) VALUES (7, N'Omar2024', 'Facere suscipit quae quidem sapiente nobis, magni sed sit illum placeat neque labore et sit. Et veniam ullam suscipit nostrum dolores magni voluptatem libero consectetur voluptatem impedit commodi id non! Autem dolor autem consequatur doloribus consequatur qui ad suscipit sint officia eos voluptates sit repudiandae. Ut et dolore eligendi, quis veniam itaque et ex soluta assumenda fugit vitae architecto iure; magni et sapiente rerum sit aut deleniti accusamus omnis autem est qui doloremque fuga et.
Ut aperiam, qui aperiam similique qui quos sapiente sunt placeat vel quis quod molestias atque. Consequatur nihil et numquam corporis quia qui molestias nulla et consequatur veniam totam architecto consectetur! Ullam ipsum autem nemo molestiae esse ut inventore ad quo rem ut totam provident debitis. Incidunt voluptatem et voluptates velit, placeat quia quos atque harum nesciunt aut praesentium est voluptatem! Fugiat labore qui, ea dolores sequi esse aperiam dignissimos suscipit voluptates placeat nemo rerum cupiditate. Repellendus est mollitia, fugiat nihil illo autem quisquam illum aliquid vero magnam optio possimus dolor. Mollitia dolorem ipsum libero sequi sint, quam delectus odio aut assumenda nam est qui assumenda. Dolore nobis consequatur natus, enim asperiores tempora ipsam porro iste debitis repellendus iure nemo rerum. Ab consequuntur optio quibusdam quo, veritatis quia est harum ea fugit dolor sit et eaque. Ducimus molestiae aliquam eos, perferendis tempora corrupti expedita non consequatur quia voluptatem asperiores porro in; dignissimos quasi sunt eos fuga sed debitis voluptatem velit reprehenderit et at quo nihil non. Sit error qui ipsum explicabo quas velit ut est a qui molestiae reprehenderit ex explicabo. Veniam sed deserunt aut error quod in quo aperiam error exercitationem ex animi non ipsum. Aliquam voluptas sequi obcaecati possimus accusamus eaque adipisci eius dolorem molestias commodi aut sunt excepturi? Dicta perspiciatis praesentium odit quisquam dolorem et tempore rem praesentium veritatis molestias ut error aut.', 7, '2020-01-07 00:00:01.640', '2020-01-07 00:00:01.510', 0, N'E5M55W98K0YG9U', N'Augusta Dang', '2019-01-07 00:00:01.390', N'Harland Redmond', '2019-01-07 00:00:01.260', 1)
INSERT dbo.CharityEvent(EventId, EventName, EventDescription, EventOrganiserId, EventStartDate, EventEndDate, IsVerified, EventType, CreatedBy, CreatedAt, UpdatedBy, UpdatedAt, IsCompleted) VALUES (8, N'Needham1955', 'Nobis voluptatibus mollitia quam et laudantium reprehenderit blanditiis consequatur illum qui consequatur voluptatem a quisquam. Non voluptatibus, labore quis facere impedit obcaecati tenetur velit temporibus nisi voluptatem necessitatibus debitis nemo. Dolorem voluptatibus rerum reiciendis, dolorem nihil ut in veritatis enim qui rerum qui earum illo. Asperiores optio quis error, sed iure beatae maxime voluptatem maiores est doloribus eligendi autem minima. Sit explicabo sit quam consequatur quibusdam dicta quas esse perspiciatis delectus minus voluptatum consequatur et! Dolorem incidunt quos aut eveniet omnis animi pariatur iure sunt vitae ipsum fugit quis voluptatum. Rerum necessitatibus error minus quo vel, unde sunt eum nulla numquam ad laudantium optio amet. Ullam delectus iusto distinctio sed quis numquam qui corporis doloremque enim molestias quibusdam nobis qui. Id minima odit laboriosam voluptas fugiat placeat non et nam ut unde vero alias consequuntur. Veniam illo temporibus totam recusandae voluptas iure quo minus voluptatibus voluptas et id cumque quibusdam! Veritatis molestiae sequi rerum debitis ea nobis architecto ea provident ex similique aut quae sapiente? Ut veniam sed molestiae est voluptatem libero excepturi nam accusamus numquam libero earum voluptatibus voluptatem. Eveniet sed similique inventore nulla sit, earum et qui quo nisi ullam qui reiciendis laudantium? Vel dolore ipsam molestiae quam exercitationem consequatur animi quis officiis aut eos est repellendus officia. Dolores at fuga nihil qui aut dolores assumenda iusto facere quis non voluptatem est non; et a libero consequatur cumque nihil et quasi unde minus aut quaerat consectetur libero consequatur. Omnis accusantium officia, error enim et sed praesentium a ratione temporibus natus consequuntur nam ut? Omnis sunt doloremque in iste natus et, architecto minus aut ipsum aut accusantium quod non. Cumque ratione quos repudiandae quia est id quas labore voluptates ex nemo ut natus asperiores.
Et perspiciatis ut nulla et impedit quasi rem odit tenetur blanditiis molestiae laudantium architecto autem. Quibusdam dolor odio suscipit velit quod vel sit asperiores nihil consequatur omnis temporibus quia laborum! Sint voluptas quisquam assumenda sunt nam, ex quibusdam tempora rerum impedit ut sit mollitia odit.', 8, '2020-01-08 00:00:01.510', '2020-01-08 00:00:01.960', 1, N'2BV7UV26VROC', N'Elmira Willson', '2019-01-08 00:00:01.410', N'Grant Hills', '2019-01-08 00:00:01.860', 0)
INSERT dbo.CharityEvent(EventId, EventName, EventDescription, EventOrganiserId, EventStartDate, EventEndDate, IsVerified, EventType, CreatedBy, CreatedAt, UpdatedBy, UpdatedAt, IsCompleted) VALUES (9, N'Paige99', 'Et unde fugit inventore odit consequatur voluptatem repellendus temporibus voluptas laborum ut consectetur voluptatem voluptas. Quasi maxime omnis nesciunt dolor officia non sint rem voluptatem quidem in et consequuntur dolorem. Et voluptatem autem illum, ipsa corporis quis omnis ipsum eum architecto ullam consequatur sit obcaecati? Amet magni architecto corporis sunt dolores tempora quia dolor rerum nihil in velit quis aliquam. Et sit ad velit autem vero culpa omnis esse nesciunt reprehenderit odit ullam voluptas saepe. Qui eos tenetur nemo id cumque magni non dolorem id culpa deleniti alias perspiciatis impedit. Reprehenderit quis recusandae et quis mollitia esse veniam quia consequatur debitis sunt esse qui voluptates. Nihil facere explicabo fugit voluptas qui aut et molestias officiis repellat qui ratione mollitia aut. Pariatur consequatur molestias qui aut consequatur nihil molestias quod magnam placeat minus vitae est quam? Alias magni perspiciatis non rerum optio exercitationem voluptas possimus esse recusandae et impedit ratione consectetur...
Corporis quidem sit accusamus hic culpa ex voluptatem quidem repellendus cum omnis nobis quia consequatur. Dolorum animi quia inventore qui officia dolorem autem aperiam omnis aut non omnis explicabo et. Corporis cumque, facilis accusantium et sint quis fugit earum non doloribus totam nesciunt tenetur autem.
Quas et nam, non dicta rerum provident odio eius et facilis voluptatem et qui rerum. Sit culpa nemo blanditiis id consequatur nam sint iure ut facere non eum sequi excepturi. Eum qui sit sed aperiam, dolorem nesciunt autem est praesentium ad distinctio nesciunt dignissimos necessitatibus? Et dolor dolore incidunt et debitis dolor similique placeat molestiae architecto velit sint doloribus neque. Mollitia nihil nesciunt quo iusto perferendis nulla eos optio qui voluptate magni quia deserunt tempore! Ea ex aliquid et non labore illo iure magnam iste vitae voluptas impedit deleniti nemo.', 9, '2020-01-09 00:00:01.440', '2020-01-09 00:00:01.940', 0, N'O5X51K64QC2', N'Liberty Dangelo', '2019-01-09 00:00:01.440', N'Teressa Gatlin', '2019-01-09 00:00:01.940', 0)
INSERT dbo.CharityEvent(EventId, EventName, EventDescription, EventOrganiserId, EventStartDate, EventEndDate, IsVerified, EventType, CreatedBy, CreatedAt, UpdatedBy, UpdatedAt, IsCompleted) VALUES (10, N'Dejesus2002', 'Ipsa porro voluptatibus ex laudantium perferendis debitis aliquam aut explicabo cumque quaerat ratione debitis aut. Cum doloribus et rerum aut possimus voluptatem soluta voluptatem optio doloribus incidunt nemo ut quia? Ut aliquam tempora commodi rem tenetur qui laudantium qui aliquid laudantium sit excepturi sit libero. Quam optio eum, quis eligendi deserunt est quisquam necessitatibus iste repellendus fugit cupiditate inventore quae. Repellendus quia totam deserunt consequatur, est distinctio excepturi sit sint excepturi dolorem laboriosam aut quidem. Iusto est facilis natus quisquam sapiente quia officiis quo hic dolores, quas a doloribus obcaecati. Quisquam et beatae accusantium eius ut culpa temporibus, nam nihil eos nostrum laudantium eligendi adipisci. Doloremque rerum molestiae omnis et, cupiditate iure odio magni temporibus aut ratione dolores praesentium molestiae. Eius quia est necessitatibus sed placeat sit praesentium officia aut voluptatibus blanditiis aperiam in nihil. Cupiditate perferendis voluptatum, commodi sunt et rerum sit aut velit dolores quis velit et est. Veritatis ipsa qui quo molestiae non est et eius vitae enim magni quia et vitae. Et dolor labore deserunt dolor sint quia aut eum commodi eaque accusantium hic totam non! Expedita praesentium maiores eaque est ratione error mollitia fugit et tempore ut facere soluta aliquid. Ut corporis rem, sed a ut natus rerum deserunt inventore consequatur enim autem et reprehenderit. Dolorem et necessitatibus doloremque quia asperiores ab facilis et dolores non animi id accusamus rem; dolorum consectetur et eius natus optio maxime fugiat corporis voluptatum optio impedit dolore tempora nostrum.', 10, '2020-01-10 00:00:01.930', '2020-01-10 00:00:01.060', 1, N'VMJE4PXV', N'Orville Mintz', '2019-01-10 00:00:01.180', N'Deloras Brice', '2019-01-10 00:00:01.300', 0)
GO

--
-- Inserting data into table dbo.ClusterLocations
--
SET IDENTITY_INSERT dbo.ClusterLocations ON
GO
INSERT dbo.ClusterLocations(ClusterLocationId, UserId, PostId, RequirementTypeId, Locations, CityId, StateId, PeopleCount, IsVerified, CreatedBy, CreatedAt, UpdatedBy, UpdatedAt, PincodeId) VALUES (1, 5, 6, 3, N'71J5241N31HNXAJ85X081978AT28D6838CAF56W3179A2K87KI', 5, 5, 19, 1, N'Pasquale Fuqua', '2020-01-01 00:00:01.000', N'Duane Ayala', '2020-01-01 00:00:01.000', 1)
INSERT dbo.ClusterLocations(ClusterLocationId, UserId, PostId, RequirementTypeId, Locations, CityId, StateId, PeopleCount, IsVerified, CreatedBy, CreatedAt, UpdatedBy, UpdatedAt, PincodeId) VALUES (2, 2, 4, 9, N'P5Z88', 2, 2, 13, 0, N'Jamey Pinckney', '2020-01-02 00:00:01.930', N'Emory Bonilla', '2020-01-02 00:00:01.460', 1)
INSERT dbo.ClusterLocations(ClusterLocationId, UserId, PostId, RequirementTypeId, Locations, CityId, StateId, PeopleCount, IsVerified, CreatedBy, CreatedAt, UpdatedBy, UpdatedAt, PincodeId) VALUES (3, 4, 6, 2, N'E0802UB0B40J568R8KJ7CP', 4, 4, 9, 1, N'Ashlie Villasenor', '2020-01-03 00:00:01.000', N'Miranda Goldstein', '2020-01-03 00:00:01.300', 7)
INSERT dbo.ClusterLocations(ClusterLocationId, UserId, PostId, RequirementTypeId, Locations, CityId, StateId, PeopleCount, IsVerified, CreatedBy, CreatedAt, UpdatedBy, UpdatedAt, PincodeId) VALUES (4, 1, 3, 8, N'YT', 1, 1, 16, 0, N'Jamey Lantz', '2020-01-04 00:00:01.760', N'Lanell Stack', '2020-01-04 00:00:01.450', 7)
INSERT dbo.ClusterLocations(ClusterLocationId, UserId, PostId, RequirementTypeId, Locations, CityId, StateId, PeopleCount, IsVerified, CreatedBy, CreatedAt, UpdatedBy, UpdatedAt, PincodeId) VALUES (5, 8, 8, 2, N'VI588GT', 8, 8, 4, 1, N'Cody Kimbrell', '2020-01-05 00:00:01.150', N'Annalee Spicer', '2020-01-05 00:00:01.370', 9)
INSERT dbo.ClusterLocations(ClusterLocationId, UserId, PostId, RequirementTypeId, Locations, CityId, StateId, PeopleCount, IsVerified, CreatedBy, CreatedAt, UpdatedBy, UpdatedAt, PincodeId) VALUES (6, 6, 5, 3, N'V61I4439SS95M8U0Y0I1T85T345GW68MDJH3P22ST345I', 6, 6, 20, 1, N'Raul Shay', '2020-01-06 00:00:01.650', N'Rolando Ladd', '2020-01-06 00:00:01.100', 8)
INSERT dbo.ClusterLocations(ClusterLocationId, UserId, PostId, RequirementTypeId, Locations, CityId, StateId, PeopleCount, IsVerified, CreatedBy, CreatedAt, UpdatedBy, UpdatedAt, PincodeId) VALUES (7, 3, 3, 4, N'98', 3, 3, 19, 0, N'Wilson Mccarter', '2020-01-07 00:00:01.880', N'Ken Bueno', '2020-01-07 00:00:01.760', 7)
INSERT dbo.ClusterLocations(ClusterLocationId, UserId, PostId, RequirementTypeId, Locations, CityId, StateId, PeopleCount, IsVerified, CreatedBy, CreatedAt, UpdatedBy, UpdatedAt, PincodeId) VALUES (8, 8, 5, 4, N'07D2J454F72PU7N508A57Y94QBWU6BRJN1XC201RZ', 8, 8, 2, 0, N'Modesta Pike', '2020-01-08 00:00:01.200', N'Salena Christenson', '2020-01-08 00:00:01.650', 6)
INSERT dbo.ClusterLocations(ClusterLocationId, UserId, PostId, RequirementTypeId, Locations, CityId, StateId, PeopleCount, IsVerified, CreatedBy, CreatedAt, UpdatedBy, UpdatedAt, PincodeId) VALUES (9, 10, 6, 9, N'US86I504RFS556QL7S', 10, 10, 2, 0, N'Samira Mulligan', '2020-01-09 00:00:01.450', N'Christena Riddle', '2020-01-09 00:00:01.950', 5)
INSERT dbo.ClusterLocations(ClusterLocationId, UserId, PostId, RequirementTypeId, Locations, CityId, StateId, PeopleCount, IsVerified, CreatedBy, CreatedAt, UpdatedBy, UpdatedAt, PincodeId) VALUES (10, 9, 2, 1, N'NC20C9T0RNMQ3210I6', 9, 9, 9, 1, N'Chase Duran', '2020-01-10 00:00:01.670', N'Demetria Quezada', '2020-01-10 00:00:01.800', 6)
GO
SET IDENTITY_INSERT dbo.ClusterLocations OFF
GO

--
-- Inserting data into table dbo.OTP
--
SET IDENTITY_INSERT dbo.OTP ON
GO
INSERT dbo.OTP(OtpNo, OTP, UserId, CreatedAt) VALUES (0, 21483648, 1, '2020-01-01 00:00:01.000')
INSERT dbo.OTP(OtpNo, OTP, UserId, CreatedAt) VALUES (1, 47483647, 2, '2020-01-02 00:00:01.980')
INSERT dbo.OTP(OtpNo, OTP, UserId, CreatedAt) VALUES (2, 20473646, 3, '2020-01-03 00:00:01.590')
INSERT dbo.OTP(OtpNo, OTP, UserId, CreatedAt) VALUES (3, 71474835, 4, '2020-01-04 00:00:01.150')
INSERT dbo.OTP(OtpNo, OTP, UserId, CreatedAt) VALUES (4, 51074834, 5, '2020-01-05 00:00:01.580')
INSERT dbo.OTP(OtpNo, OTP, UserId, CreatedAt) VALUES (5, 21474643, 6, '2020-01-06 00:00:01.550')
INSERT dbo.OTP(OtpNo, OTP, UserId, CreatedAt) VALUES (6, 91483642, 7, '2020-01-07 00:00:01.630')
INSERT dbo.OTP(OtpNo, OTP, UserId, CreatedAt) VALUES (7, 67083641, 8, '2020-01-08 00:00:01.100')
INSERT dbo.OTP(OtpNo, OTP, UserId, CreatedAt) VALUES (8, 41448640, 9, '2020-01-09 00:00:01.450')
INSERT dbo.OTP(OtpNo, OTP, UserId, CreatedAt) VALUES (9, 34783639, 10, '2020-01-10 00:00:01.920')
GO
SET IDENTITY_INSERT dbo.OTP OFF
GO

--
-- Inserting data into table dbo.Roles
--
SET IDENTITY_INSERT dbo.Roles ON
GO
INSERT dbo.Roles(RolePermissionID, RoleTypeId, UserId, ModuleId, IsPermissionAdd, IsPermissionEdit, IsPermissionView, IsPermissionDelete, CreatedBy, CreatedAt, UpdatedBy, UpdatedAt) VALUES (1, 3, 3, 10, 0, 1, 0, 1, N'Caren Deaton', '2020-09-23 23:18:00.590', N'Jeanett Velasco', '2020-01-01 00:00:01.000')
INSERT dbo.Roles(RolePermissionID, RoleTypeId, UserId, ModuleId, IsPermissionAdd, IsPermissionEdit, IsPermissionView, IsPermissionDelete, CreatedBy, CreatedAt, UpdatedBy, UpdatedAt) VALUES (2, 6, 6, 3, 0, 1, 1, 0, N'Emery Mcnamara', '2021-06-26 13:17:38.060', N'Roderick Woodward', '2020-01-02 00:00:01.110')
INSERT dbo.Roles(RolePermissionID, RoleTypeId, UserId, ModuleId, IsPermissionAdd, IsPermissionEdit, IsPermissionView, IsPermissionDelete, CreatedBy, CreatedAt, UpdatedBy, UpdatedAt) VALUES (3, 3, 3, 3, 0, 0, 1, 0, N'Harris Oconner', '2020-07-29 17:32:34.650', N'Sandy Bowman', '2020-01-03 00:00:01.350')
INSERT dbo.Roles(RolePermissionID, RoleTypeId, UserId, ModuleId, IsPermissionAdd, IsPermissionEdit, IsPermissionView, IsPermissionDelete, CreatedBy, CreatedAt, UpdatedBy, UpdatedAt) VALUES (4, 1, 1, 1, 0, 1, 1, 1, N'Orval Jeffers', '2020-12-30 19:29:51.650', N'Woodrow Seal', '2020-01-04 00:00:01.350')
INSERT dbo.Roles(RolePermissionID, RoleTypeId, UserId, ModuleId, IsPermissionAdd, IsPermissionEdit, IsPermissionView, IsPermissionDelete, CreatedBy, CreatedAt, UpdatedBy, UpdatedAt) VALUES (5, 10, 10, 6, 1, 1, 0, 1, N'Selma Hailey', '2020-06-06 02:09:32.810', N'Margret Read', '2020-01-05 00:00:01.860')
INSERT dbo.Roles(RolePermissionID, RoleTypeId, UserId, ModuleId, IsPermissionAdd, IsPermissionEdit, IsPermissionView, IsPermissionDelete, CreatedBy, CreatedAt, UpdatedBy, UpdatedAt) VALUES (6, 8, 8, 1, 0, 1, 1, 1, N'Siobhan Root', '2021-02-17 15:23:57.000', N'Mona Jaeger', '2020-01-06 00:00:01.260')
INSERT dbo.Roles(RolePermissionID, RoleTypeId, UserId, ModuleId, IsPermissionAdd, IsPermissionEdit, IsPermissionView, IsPermissionDelete, CreatedBy, CreatedAt, UpdatedBy, UpdatedAt) VALUES (7, 4, 4, 7, 0, 1, 1, 0, N'Dorsey Alonzo', '2021-08-14 09:46:58.340', N'Rudolf Linder', '2020-01-07 00:00:01.870')
INSERT dbo.Roles(RolePermissionID, RoleTypeId, UserId, ModuleId, IsPermissionAdd, IsPermissionEdit, IsPermissionView, IsPermissionDelete, CreatedBy, CreatedAt, UpdatedBy, UpdatedAt) VALUES (8, 10, 10, 10, 0, 1, 0, 1, N'Glory Gregg', '2021-08-22 14:35:45.960', N'Felton Self', '2020-01-08 00:00:01.790')
INSERT dbo.Roles(RolePermissionID, RoleTypeId, UserId, ModuleId, IsPermissionAdd, IsPermissionEdit, IsPermissionView, IsPermissionDelete, CreatedBy, CreatedAt, UpdatedBy, UpdatedAt) VALUES (9, 10, 10, 8, 1, 1, 1, 1, N'Douglas Finn', '2021-04-26 03:01:39.540', N'German Hiatt', '2020-01-09 00:00:01.460')
INSERT dbo.Roles(RolePermissionID, RoleTypeId, UserId, ModuleId, IsPermissionAdd, IsPermissionEdit, IsPermissionView, IsPermissionDelete, CreatedBy, CreatedAt, UpdatedBy, UpdatedAt) VALUES (10, 10, 10, 7, 1, 0, 1, 0, N'Curtis Smithson', '2020-04-11 13:21:08.960', N'Deneen Frank', '2020-01-10 00:00:01.660')
GO
SET IDENTITY_INSERT dbo.Roles OFF
GO

--
-- Inserting data into table dbo.Spam
--
SET IDENTITY_INSERT dbo.Spam ON
GO
INSERT dbo.Spam(SpamId, PostId, UserId) VALUES (1, 6, 6)
INSERT dbo.Spam(SpamId, PostId, UserId) VALUES (2, 7, 2)
INSERT dbo.Spam(SpamId, PostId, UserId) VALUES (3, 2, 4)
INSERT dbo.Spam(SpamId, PostId, UserId) VALUES (4, 1, 2)
INSERT dbo.Spam(SpamId, PostId, UserId) VALUES (5, 4, 4)
INSERT dbo.Spam(SpamId, PostId, UserId) VALUES (6, 4, 6)
INSERT dbo.Spam(SpamId, PostId, UserId) VALUES (7, 9, 9)
INSERT dbo.Spam(SpamId, PostId, UserId) VALUES (8, 7, 7)
INSERT dbo.Spam(SpamId, PostId, UserId) VALUES (9, 1, 1)
INSERT dbo.Spam(SpamId, PostId, UserId) VALUES (10, 7, 6)
GO
SET IDENTITY_INSERT dbo.Spam OFF
GO

--
-- Inserting data into table dbo.Urgency
--
SET IDENTITY_INSERT dbo.Urgency ON
GO
INSERT dbo.Urgency(UrgencyId, PostId, UserId) VALUES (1, 10, 10)
INSERT dbo.Urgency(UrgencyId, PostId, UserId) VALUES (2, 5, 5)
INSERT dbo.Urgency(UrgencyId, PostId, UserId) VALUES (3, 7, 7)
INSERT dbo.Urgency(UrgencyId, PostId, UserId) VALUES (4, 5, 5)
INSERT dbo.Urgency(UrgencyId, PostId, UserId) VALUES (5, 5, 5)
INSERT dbo.Urgency(UrgencyId, PostId, UserId) VALUES (6, 1, 1)
INSERT dbo.Urgency(UrgencyId, PostId, UserId) VALUES (7, 8, 8)
INSERT dbo.Urgency(UrgencyId, PostId, UserId) VALUES (8, 3, 3)
INSERT dbo.Urgency(UrgencyId, PostId, UserId) VALUES (9, 3, 3)
INSERT dbo.Urgency(UrgencyId, PostId, UserId) VALUES (10, 8, 8)
GO
SET IDENTITY_INSERT dbo.Urgency OFF
GO

--
-- Inserting data into table dbo.Volunteer
--
SET IDENTITY_INSERT dbo.Volunteer ON
GO
INSERT dbo.Volunteer(VolunteerId, VolunteerUserId, OrganisationId, IsVerified, CreatedBy, CreatedAt, UpdatedBy, UpdatedAt) VALUES (1, 3, 3, 0, N'Carson Siegel', '2020-01-01 00:00:01.000', N'Marty Liles', '2020-01-01 00:00:01.000')
INSERT dbo.Volunteer(VolunteerId, VolunteerUserId, OrganisationId, IsVerified, CreatedBy, CreatedAt, UpdatedBy, UpdatedAt) VALUES (2, 10, 10, 0, N'Retha Stokes', '2020-01-02 00:00:01.160', N'Tashina Dickson', '2020-01-02 00:00:01.680')
INSERT dbo.Volunteer(VolunteerId, VolunteerUserId, OrganisationId, IsVerified, CreatedBy, CreatedAt, UpdatedBy, UpdatedAt) VALUES (3, 2, 2, 1, N'Tuyet Sikes', '2020-01-03 00:00:01.940', N'Nickolas Dowd', '2020-01-03 00:00:01.230')
INSERT dbo.Volunteer(VolunteerId, VolunteerUserId, OrganisationId, IsVerified, CreatedBy, CreatedAt, UpdatedBy, UpdatedAt) VALUES (4, 1, 1, 1, N'Dillon Ridgeway', '2020-01-04 00:00:01.740', N'Jeffry Bruns', '2020-01-04 00:00:01.440')
INSERT dbo.Volunteer(VolunteerId, VolunteerUserId, OrganisationId, IsVerified, CreatedBy, CreatedAt, UpdatedBy, UpdatedAt) VALUES (5, 3, 3, 0, N'Reyes Morris', '2020-01-05 00:00:01.290', N'Benedict Andrade', '2020-01-05 00:00:01.500')
INSERT dbo.Volunteer(VolunteerId, VolunteerUserId, OrganisationId, IsVerified, CreatedBy, CreatedAt, UpdatedBy, UpdatedAt) VALUES (6, 3, 3, 0, N'Kenton Herring', '2020-01-06 00:00:01.160', N'Angeline Boynton', '2020-01-06 00:00:01.610')
INSERT dbo.Volunteer(VolunteerId, VolunteerUserId, OrganisationId, IsVerified, CreatedBy, CreatedAt, UpdatedBy, UpdatedAt) VALUES (7, 5, 5, 1, N'Trena Wenger', '2020-01-07 00:00:01.620', N'Antonia Keith', '2020-01-07 00:00:01.500')
INSERT dbo.Volunteer(VolunteerId, VolunteerUserId, OrganisationId, IsVerified, CreatedBy, CreatedAt, UpdatedBy, UpdatedAt) VALUES (8, 7, 7, 0, N'Vincenzo Jeffery', '2020-01-08 00:00:01.680', N'Bill Triplett', '2020-01-08 00:00:01.130')
INSERT dbo.Volunteer(VolunteerId, VolunteerUserId, OrganisationId, IsVerified, CreatedBy, CreatedAt, UpdatedBy, UpdatedAt) VALUES (9, 10, 10, 0, N'Ashly Bills', '2020-01-09 00:00:01.460', N'Jeffie Conaway', '2020-01-09 00:00:01.960')
INSERT dbo.Volunteer(VolunteerId, VolunteerUserId, OrganisationId, IsVerified, CreatedBy, CreatedAt, UpdatedBy, UpdatedAt) VALUES (10, 5, 5, 0, N'Kennith Thomsen', '2020-01-10 00:00:01.910', N'Denisha Grubbs', '2020-01-10 00:00:01.040')
GO
SET IDENTITY_INSERT dbo.Volunteer OFF
GO

--
-- Set NOEXEC to off
--

SET NOEXEC OFF
GO

SELECT * FROM CharityEvent
SELECT * FROM Cities
SELECT * FROM States
SELECT * FROM ClusterLocations
SELECT * FROM Module
SELECT * FROM Organisation
SELECT * FROM OTP
SELECT * FROM Post
SELECT * FROM RequirementType
SELECT * FROM Roles
SELECT * FROM RoleType
SELECT * FROM Spam
SELECT * FROM Urgency
SELECT * FROM UserData
SELECT * FROM Volunteer
SELECT * FROM Pincode